wavenumber,reflectance,condition_id,angle_deg
1000.0,0.4228998535880095,angle10,10
1000.8340283569642,0.40961197405712235,angle10,10
1001.6680567139283,0.42764843099209066,angle10,10
1002.5020850708925,0.4296546307220514,angle10,10
1003.3361134278565,0.40081665192340704,angle10,10
1004.1701417848207,0.4073561859339009,angle10,10
1005.0041701417848,0.42168032647535525,angle10,10
1005.838198498749,0.4172364156108727,angle10,10
1006.6722268557131,0.4202007461903081,angle10,10
1007.5062552126773,0.4117812574376904,angle10,10
1008.3402835696413,0.4290216697836825,angle10,10
1009.1743119266055,0.4278946948138137,angle10,10
1010.0083402835696,0.42063930375600356,angle10,10
1010.8423686405338,0.43108681591528764,angle10,10
1011.6763969974979,0.4242981459688057,angle10,10
1012.5104253544621,0.4108120801752721,angle10,10
1013.3444537114262,0.42284783639817936,angle10,10
1014.1784820683903,0.4093002717373335,angle10,10
1015.0125104253544,0.42737589530620806,angle10,10
1015.8465387823186,0.4177680389808736,angle10,10
1016.6805671392827,0.4160682833410846,angle10,10
1017.5145954962469,0.410731021271178,angle10,10
1018.348623853211,0.4293630443627299,angle10,10
1019.1826522101751,0.41516366448854924,angle10,10
1020.0166805671392,0.41197113890019293,angle10,10
1020.8507089241034,0.41225279014620236,angle10,10
1021.6847372810676,0.4205913037930359,angle10,10
1022.5187656380317,0.41839124943971717,angle10,10
1023.3527939949959,0.4183073809023498,angle10,10
1024.18682235196,0.4179063042114614,angle10,10
1025.0208507089242,0.4344075529435408,angle10,10
1025.8548790658883,0.40829500848373174,angle10,10
1026.6889074228525,0.4065800732416985,angle10,10
1027.5229357798164,0.402883542095317,angle10,10
1028.3569641367806,0.4164754317359861,angle10,10
1029.1909924937447,0.42087550568265547,angle10,10
1030.0250208507089,0.40769241382176247,angle10,10
1030.859049207673,0.39965257837190316,angle10,10
1031.6930775646372,0.3990079289061963,angle10,10
1032.5271059216013,0.4129338094508763,angle10,10
1033.3611342785655,0.4130123110783287,angle10,10
1034.1951626355296,0.4101401570638519,angle10,10
1035.0291909924938,0.3971595346731359,angle10,10
1035.863219349458,0.40521965496720225,angle10,10
1036.697247706422,0.4031259278133674,angle10,10
1037.5312760633863,0.403184832083473,angle10,10
1038.3653044203502,0.40872919410490083,angle10,10
1039.1993327773143,0.40124614618290777,angle10,10
1040.0333611342785,0.4047731800867323,angle10,10
1040.8673894912426,0.3976125083633118,angle10,10
1041.7014178482068,0.39875965915322314,angle10,10
1042.535446205171,0.40109242875808715,angle10,10
1043.369474562135,0.3790986676775482,angle10,10
1044.2035029190993,0.38934405993752025,angle10,10
1045.0375312760634,0.38668773197473283,angle10,10
1045.8715596330276,0.3838337844621981,angle10,10
1046.7055879899917,0.3862829451017792,angle10,10
1047.5396163469559,0.4027765722198993,angle10,10
1048.37364470392,0.37794291713490064,angle10,10
1049.207673060884,0.3950396537989388,angle10,10
1050.0417014178481,0.3672656865140794,angle10,10
1050.8757297748123,0.37946522324825205,angle10,10
1051.7097581317764,0.3831437761994928,angle10,10
1052.5437864887406,0.38606343483453026,angle10,10
1053.3778148457047,0.3859815524309672,angle10,10
1054.211843202669,0.38545426221090523,angle10,10
1055.045871559633,0.37266879318504026,angle10,10
1055.8798999165972,0.37015185722333177,angle10,10
1056.7139282735614,0.3819588723584608,angle10,10
1057.5479566305255,0.37005454932024895,angle10,10
1058.3819849874897,0.3577842858989534,angle10,10
1059.2160133444538,0.3577672513715784,angle10,10
1060.0500417014177,0.35845033640921714,angle10,10
1060.884070058382,0.3711473106170316,angle10,10
1061.718098415346,0.3661172624962264,angle10,10
1062.5521267723102,0.3701019716410829,angle10,10
1063.3861551292744,0.3574158715342927,angle10,10
1064.2201834862385,0.3617526005567616,angle10,10
1065.0542118432027,0.36488980061513954,angle10,10
1065.8882402001668,0.3539953760487596,angle10,10
1066.722268557131,0.3601001573406633,angle10,10
1067.5562969140951,0.34734569739479565,angle10,10
1068.3903252710593,0.3487563305557602,angle10,10
1069.2243536280234,0.34698113712514717,angle10,10
1070.0583819849876,0.33724187824640095,angle10,10
1070.8924103419517,0.3524622487349815,angle10,10
1071.7264386989157,0.34128162147498675,angle10,10
1072.5604670558798,0.3444749619338635,angle10,10
1073.394495412844,0.34752350329042303,angle10,10
1074.2285237698081,0.3455393915512511,angle10,10
1075.0625521267723,0.3460783899515364,angle10,10
1075.8965804837364,0.33678294962451943,angle10,10
1076.7306088407006,0.3318712856708043,angle10,10
1077.5646371976648,0.3336371434273334,angle10,10
1078.398665554629,0.31588502551926534,angle10,10
1079.232693911593,0.31660567354316277,angle10,10
1080.0667222685572,0.31616301241296635,angle10,10
1080.9007506255214,0.31772593134066845,angle10,10
1081.7347789824853,0.3300001138117409,angle10,10
1082.5688073394494,0.31524753479892337,angle10,10
1083.4028356964136,0.31881703743845424,angle10,10
1084.2368640533778,0.3338840701544356,angle10,10
1085.070892410342,0.31561946171240035,angle10,10
1085.904920767306,0.32484516551343,angle10,10
1086.7389491242702,0.3064197402465104,angle10,10
1087.5729774812344,0.31198585260169787,angle10,10
1088.4070058381985,0.3028231281444697,angle10,10
1089.2410341951627,0.30721535355906054,angle10,10
1090.0750625521268,0.3172907223371641,angle10,10
1090.909090909091,0.28989642038938024,angle10,10
1091.7431192660551,0.3097962777177323,angle10,10
1092.5771476230193,0.30611265285930417,angle10,10
1093.4111759799832,0.2960782974268778,angle10,10
1094.2452043369474,0.28584536860290405,angle10,10
1095.0792326939115,0.299315447451007,angle10,10
1095.9132610508757,0.2915898901603512,angle10,10
1096.7472894078398,0.2975051079232687,angle10,10
1097.581317764804,0.293693662891479,angle10,10
1098.4153461217682,0.3077933956936425,angle10,10
1099.2493744787323,0.2876865873903855,angle10,10
1100.0834028356965,0.2781541780692917,angle10,10
1100.9174311926606,0.2884957910184385,angle10,10
1101.7514595496248,0.2872221543241002,angle10,10
1102.585487906589,0.29693888480564584,angle10,10
1103.4195162635529,0.2900290081682322,angle10,10
1104.253544620517,0.28358395301015016,angle10,10
1105.0875729774812,0.29299247160497144,angle10,10
1105.9216013344453,0.26482325795445194,angle10,10
1106.7556296914095,0.2686724548391687,angle10,10
1107.5896580483736,0.2641713168980719,angle10,10
1108.4236864053378,0.2679144957064125,angle10,10
1109.257714762302,0.2564300458768786,angle10,10
1110.091743119266,0.27494190954952424,angle10,10
1110.9257714762302,0.2647712258109288,angle10,10
1111.7597998331944,0.2506983812116115,angle10,10
1112.5938281901585,0.25367395985616564,angle10,10
1113.4278565471227,0.2653988849291888,angle10,10
1114.2618849040869,0.2690900689238248,angle10,10
1115.0959132610508,0.27913259919181677,angle10,10
1115.929941618015,0.28677219886483923,angle10,10
1116.763969974979,0.26025811336858745,angle10,10
1117.5979983319432,0.24471160482839233,angle10,10
1118.4320266889074,0.2317923708145953,angle10,10
1119.2660550458716,0.25430903197443455,angle10,10
1120.1000834028357,0.24203517881540199,angle10,10
1120.9341117597999,0.2445576277626704,angle10,10
1121.768140116764,0.24115112749705148,angle10,10
1122.6021684737282,0.24443970940333348,angle10,10
1123.4361968306923,0.25509791084468053,angle10,10
1124.2702251876565,0.24461438842957386,angle10,10
1125.1042535446204,0.24007898556254084,angle10,10
1125.9382819015846,0.2299461940283275,angle10,10
1126.7723102585487,0.22220959206703303,angle10,10
1127.6063386155129,0.23276364693082724,angle10,10
1128.440366972477,0.2357761380425713,angle10,10
1129.2743953294412,0.25269774789295885,angle10,10
1130.1084236864053,0.23504323762387697,angle10,10
1130.9424520433695,0.24230779642815153,angle10,10
1131.7764804003336,0.22624552228297523,angle10,10
1132.6105087572978,0.2181655842866483,angle10,10
1133.444537114262,0.21915915927141594,angle10,10
1134.278565471226,0.220372422751987,angle10,10
1135.1125938281903,0.24774307479252647,angle10,10
1135.9466221851544,0.21709782396239588,angle10,10
1136.7806505421183,0.23256979252090565,angle10,10
1137.6146788990825,0.21404900761672824,angle10,10
1138.4487072560466,0.23130782582271403,angle10,10
1139.2827356130108,0.2247761226248843,angle10,10
1140.116763969975,0.21831571115634096,angle10,10
1140.950792326939,0.21845115614190763,angle10,10
1141.7848206839033,0.21130905924150598,angle10,10
1142.6188490408674,0.2213375211090496,angle10,10
1143.4528773978316,0.21136877498645198,angle10,10
1144.2869057547957,0.2027265453899286,angle10,10
1145.1209341117599,0.2012896328098581,angle10,10
1145.954962468724,0.21490393023795715,angle10,10
1146.788990825688,0.22810086270754254,angle10,10
1147.6230191826521,0.21306483637847207,angle10,10
1148.4570475396163,0.20945678733957,angle10,10
1149.2910758965804,0.21270316660858987,angle10,10
1150.1251042535446,0.22213034019815064,angle10,10
1150.9591326105087,0.21051344168506148,angle10,10
1151.7931609674729,0.20348370255941342,angle10,10
1152.627189324437,0.2179534670314267,angle10,10
1153.4612176814012,0.21050017334148574,angle10,10
1154.2952460383653,0.22091679345759296,angle10,10
1155.1292743953295,0.20676296409396333,angle10,10
1155.9633027522937,0.1920822376600717,angle10,10
1156.7973311092578,0.1900667211631288,angle10,10
1157.631359466222,0.21970420377872085,angle10,10
1158.465387823186,0.21990356260207405,angle10,10
1159.29941618015,0.20036920163316654,angle10,10
1160.1334445371142,0.19785564840857037,angle10,10
1160.9674728940784,0.21585085814834154,angle10,10
1161.8015012510425,0.1897407382265313,angle10,10
1162.6355296080067,0.19146470552250985,angle10,10
1163.4695579649708,0.20647213393727096,angle10,10
1164.303586321935,0.19574591753810713,angle10,10
1165.1376146788991,0.19932016235109135,angle10,10
1165.9716430358633,0.19744276480775988,angle10,10
1166.8056713928274,0.20218523767677019,angle10,10
1167.6396997497916,0.21264317394759838,angle10,10
1168.4737281067555,0.19925970544097504,angle10,10
1169.3077564637197,0.2046054503725349,angle10,10
1170.1417848206838,0.1775033136475282,angle10,10
1170.975813177648,0.19738364409450318,angle10,10
1171.8098415346121,0.18933118914763042,angle10,10
1172.6438698915763,0.18549493825097302,angle10,10
1173.4778982485404,0.18884807238009754,angle10,10
1174.3119266055046,0.19426186987391075,angle10,10
1175.1459549624687,0.20676264374045372,angle10,10
1175.979983319433,0.1843672296606649,angle10,10
1176.814011676397,0.19799204736057346,angle10,10
1177.6480400333612,0.19292565727009472,angle10,10
1178.4820683903254,0.19459928380283162,angle10,10
1179.3160967472895,0.20803929442379085,angle10,10
1180.1501251042537,0.203555598459753,angle10,10
1180.9841534612176,0.21173816170019322,angle10,10
1181.8181818181818,0.19703584502184454,angle10,10
1182.652210175146,0.191865151492618,angle10,10
1183.48623853211,0.1968565837209901,angle10,10
1184.3202668890742,0.20181761038089868,angle10,10
1185.1542952460384,0.20148267468432432,angle10,10
1185.9883236030025,0.18922413277128036,angle10,10
1186.8223519599667,0.20135069714092632,angle10,10
1187.6563803169308,0.20313251554881734,angle10,10
1188.490408673895,0.22645598028634759,angle10,10
1189.3244370308591,0.22050719008807473,angle10,10
1190.158465387823,0.19369022662293256,angle10,10
1190.9924937447872,0.19985906449112334,angle10,10
1191.8265221017514,0.18863494169480716,angle10,10
1192.6605504587155,0.1979248787017061,angle10,10
1193.4945788156797,0.20757660153265323,angle10,10
1194.3286071726438,0.21709359203077805,angle10,10
1195.162635529608,0.19838450374434327,angle10,10
1195.9966638865722,0.19979982049020803,angle10,10
1196.8306922435363,0.18555986254408371,angle10,10
1197.6647206005005,0.2061229497276964,angle10,10
1198.4987489574646,0.1978675662851725,angle10,10
1199.3327773144288,0.20396451452795164,angle10,10
1200.166805671393,0.20128244223715125,angle10,10
1201.000834028357,0.20992534878364102,angle10,10
1201.8348623853212,0.19413223249542366,angle10,10
1202.6688907422852,0.19790505295060756,angle10,10
1203.5029190992493,0.23475823606062207,angle10,10
1204.3369474562135,0.20150588736142225,angle10,10
1205.1709758131776,0.20435050705024937,angle10,10
1206.0050041701418,0.23464945654756614,angle10,10
1206.839032527106,0.2463164621540778,angle10,10
1207.67306088407,0.20655890083869322,angle10,10
1208.5070892410342,0.2156239531396475,angle10,10
1209.3411175979984,0.22377675895434665,angle10,10
1210.1751459549625,0.23872560686711267,angle10,10
1211.0091743119267,0.21266992883314095,angle10,10
1211.8432026688906,0.22120780348633984,angle10,10
1212.6772310258548,0.23257801908020628,angle10,10
1213.511259382819,0.23031810544164624,angle10,10
1214.345287739783,0.22339618142413614,angle10,10
1215.1793160967472,0.2270280572067079,angle10,10
1216.0133444537114,0.21584686718495713,angle10,10
1216.8473728106756,0.2284643616410637,angle10,10
1217.6814011676397,0.22945297040908355,angle10,10
1218.5154295246039,0.2357294952569595,angle10,10
1219.349457881568,0.2291654079005573,angle10,10
1220.1834862385322,0.2407646050798899,angle10,10
1221.0175145954963,0.24752629276717583,angle10,10
1221.8515429524605,0.2403224321336968,angle10,10
1222.6855713094246,0.24367350700495008,angle10,10
1223.5195996663888,0.24209380628207616,angle10,10
1224.3536280233527,0.24298761429874682,angle10,10
1225.1876563803169,0.2372136130214521,angle10,10
1226.021684737281,0.249054158106121,angle10,10
1226.8557130942452,0.246393660530827,angle10,10
1227.6897414512093,0.2697924953760963,angle10,10
1228.5237698081735,0.2661053038571941,angle10,10
1229.3577981651376,0.2557574979510908,angle10,10
1230.1918265221018,0.2458117475612559,angle10,10
1231.025854879066,0.2438771727946892,angle10,10
1231.85988323603,0.26848703297546084,angle10,10
1232.6939115929943,0.260792423690894,angle10,10
1233.5279399499582,0.26457036614077456,angle10,10
1234.3619683069223,0.24394140287812557,angle10,10
1235.1959966638865,0.2722939622494536,angle10,10
1236.0300250208506,0.26920973046683633,angle10,10
1236.8640533778148,0.2552204527030779,angle10,10
1237.698081734779,0.26328167160029003,angle10,10
1238.532110091743,0.27231882145076347,angle10,10
1239.3661384487073,0.2719032558349888,angle10,10
1240.2001668056714,0.27016565950492305,angle10,10
1241.0341951626356,0.27377275094708303,angle10,10
1241.8682235195997,0.27401923196267547,angle10,10
1242.7022518765639,0.27980674143011414,angle10,10
1243.536280233528,0.2947485112256979,angle10,10
1244.3703085904922,0.2561294707345625,angle10,10
1245.2043369474563,0.28119962619630895,angle10,10
1246.0383653044203,0.28711455622424054,angle10,10
1246.8723936613844,0.29009952189018096,angle10,10
1247.7064220183486,0.2852190483248593,angle10,10
1248.5404503753127,0.27317766406117416,angle10,10
1249.3744787322769,0.29583921169526345,angle10,10
1250.208507089241,0.31165443108486957,angle10,10
1251.0425354462052,0.28087089233622514,angle10,10
1251.8765638031693,0.30668287600942173,angle10,10
1252.7105921601335,0.29660055039337224,angle10,10
1253.5446205170977,0.30111948702514035,angle10,10
1254.3786488740618,0.29305599689406747,angle10,10
1255.2126772310257,0.3020975968064621,angle10,10
1256.04670558799,0.3203043062595908,angle10,10
1256.880733944954,0.3149962389912921,angle10,10
1257.7147623019182,0.3283623516535913,angle10,10
1258.5487906588824,0.324686223740632,angle10,10
1259.3828190158465,0.31917875782054217,angle10,10
1260.2168473728107,0.33410553545069305,angle10,10
1261.0508757297748,0.32293652939354095,angle10,10
1261.884904086739,0.3287085906574563,angle10,10
1262.7189324437031,0.3193464085265487,angle10,10
1263.5529608006673,0.3248618778123269,angle10,10
1264.3869891576314,0.3191069695612207,angle10,10
1265.2210175145956,0.3378619158488771,angle10,10
1266.0550458715597,0.3180675835501095,angle10,10
1266.889074228524,0.3395579351281406,angle10,10
1267.723102585488,0.3317105959355724,angle10,10
1268.557130942452,0.347210709631762,angle10,10
1269.3911592994161,0.3448861129941855,angle10,10
1270.2251876563803,0.3574607165989303,angle10,10
1271.0592160133444,0.3484360771679136,angle10,10
1271.8932443703086,0.32727884268648266,angle10,10
1272.7272727272727,0.34419706539912065,angle10,10
1273.561301084237,0.33500991193503904,angle10,10
1274.395329441201,0.3434062058608333,angle10,10
1275.2293577981652,0.3655555425582657,angle10,10
1276.0633861551294,0.3586676846940681,angle10,10
1276.8974145120933,0.3471465671427566,angle10,10
1277.7314428690574,0.34583626241058085,angle10,10
1278.5654712260216,0.3581324661155597,angle10,10
1279.3994995829858,0.3474635033649073,angle10,10
1280.23352793995,0.35473501993265194,angle10,10
1281.067556296914,0.3663763026714368,angle10,10
1281.9015846538782,0.37661119189076664,angle10,10
1282.7356130108424,0.3729392408585659,angle10,10
1283.5696413678065,0.34572359127079016,angle10,10
1284.4036697247707,0.3734559360217966,angle10,10
1285.2376980817348,0.3728989275791466,angle10,10
1286.071726438699,0.3780739792746546,angle10,10
1286.9057547956631,0.39184344220582584,angle10,10
1287.7397831526273,0.35678464122173553,angle10,10
1288.5738115095915,0.37323070559499216,angle10,10
1289.4078398665556,0.38676418628386344,angle10,10
1290.2418682235195,0.3667408622716303,angle10,10
1291.0758965804837,0.3990059152443099,angle10,10
1291.9099249374478,0.38960718268094174,angle10,10
1292.743953294412,0.39605386230089734,angle10,10
1293.5779816513761,0.3835298495015285,angle10,10
1294.4120100083403,0.39901469112571136,angle10,10
1295.2460383653045,0.4031856920210375,angle10,10
1296.0800667222686,0.3964394858346505,angle10,10
1296.9140950792328,0.3980499066793775,angle10,10
1297.748123436197,0.3999896444974799,angle10,10
1298.5821517931608,0.39021785868190084,angle10,10
1299.416180150125,0.3989255746921368,angle10,10
1300.2502085070892,0.4004093068484394,angle10,10
1301.0842368640533,0.4072859351594405,angle10,10
1301.9182652210175,0.41495117379625607,angle10,10
1302.7522935779816,0.39585165631598773,angle10,10
1303.5863219349458,0.4066538479649118,angle10,10
1304.42035029191,0.42416793839552125,angle10,10
1305.254378648874,0.4033491609335851,angle10,10
1306.0884070058382,0.40397611514508996,angle10,10
1306.9224353628024,0.415616861344199,angle10,10
1307.7564637197665,0.42341415181247877,angle10,10
1308.5904920767307,0.41644208589179993,angle10,10
1309.4245204336949,0.43095569446537607,angle10,10
1310.258548790659,0.4275527465982922,angle10,10
1311.0925771476232,0.42870190223540183,angle10,10
1311.926605504587,0.42710366401894456,angle10,10
1312.7606338615512,0.4460974606861357,angle10,10
1313.5946622185154,0.42200711189127676,angle10,10
1314.4286905754795,0.4052404132091129,angle10,10
1315.2627189324437,0.4425139398880543,angle10,10
1316.0967472894079,0.4230687642063421,angle10,10
1316.930775646372,0.42987728143142023,angle10,10
1317.7648040033362,0.44302481754473955,angle10,10
1318.5988323603003,0.4150154281689637,angle10,10
1319.4328607172645,0.41960791242179085,angle10,10
1320.2668890742284,0.41717538823692574,angle10,10
1321.1009174311926,0.4262877888655854,angle10,10
1321.9349457881567,0.43964348728491115,angle10,10
1322.7689741451209,0.44148374378851185,angle10,10
1323.603002502085,0.4399759205759377,angle10,10
1324.4370308590492,0.42403320254311516,angle10,10
1325.2710592160133,0.4159836840084187,angle10,10
1326.1050875729775,0.4405280962004823,angle10,10
1326.9391159299416,0.4361424429592581,angle10,10
1327.7731442869058,0.446305326390966,angle10,10
1328.60717264387,0.44955771968913577,angle10,10
1329.441201000834,0.44472259435447214,angle10,10
1330.2752293577983,0.4517186273980784,angle10,10
1331.1092577147624,0.44716149035626884,angle10,10
1331.9432860717266,0.45089691660167935,angle10,10
1332.7773144286907,0.43925109768310244,angle10,10
1333.6113427856546,0.44517780546019603,angle10,10
1334.4453711426188,0.44959216479788433,angle10,10
1335.279399499583,0.4564544399605522,angle10,10
1336.113427856547,0.4449106399970647,angle10,10
1336.9474562135113,0.45463264974998585,angle10,10
1337.7814845704754,0.44730943338296497,angle10,10
1338.6155129274396,0.4493130579280584,angle10,10
1339.4495412844037,0.4592780439657639,angle10,10
1340.2835696413679,0.4315202468030605,angle10,10
1341.117597998332,0.4389276605483738,angle10,10
1341.951626355296,0.43748551880534364,angle10,10
1342.78565471226,0.429359581437098,angle10,10
1343.6196830692243,0.4462747802642028,angle10,10
1344.4537114261884,0.4608866951514435,angle10,10
1345.2877397831526,0.4508516397496664,angle10,10
1346.1217681401167,0.4559596476174063,angle10,10
1346.9557964970809,0.46512828568200815,angle10,10
1347.789824854045,0.4677403949571962,angle10,10
1348.6238532110092,0.4539726037515992,angle10,10
1349.4578815679733,0.46837329162467456,angle10,10
1350.2919099249375,0.4559051288152631,angle10,10
1351.1259382819017,0.44672927516201255,angle10,10
1351.9599666388658,0.4492516066034518,angle10,10
1352.79399499583,0.44045555326368035,angle10,10
1353.6280233527941,0.44641784773262067,angle10,10
1354.4620517097583,0.45173025705869546,angle10,10
1355.2960800667222,0.46333049785551705,angle10,10
1356.1301084236864,0.47245957810061023,angle10,10
1356.9641367806505,0.441360333602576,angle10,10
1357.7981651376147,0.45901376375848757,angle10,10
1358.6321934945788,0.44455650193691276,angle10,10
1359.466221851543,0.45955852303948647,angle10,10
1360.3002502085071,0.4533235077381045,angle10,10
1361.1342785654713,0.4361214080677994,angle10,10
1361.9683069224354,0.4634828630659981,angle10,10
1362.8023352793996,0.44789271835017214,angle10,10
1363.6363636363635,0.4483200376811741,angle10,10
1364.4703919933277,0.44265139552849947,angle10,10
1365.3044203502918,0.44646962012966773,angle10,10
1366.138448707256,0.45692863886382606,angle10,10
1366.9724770642201,0.4503684214559365,angle10,10
1367.8065054211843,0.45513257058125983,angle10,10
1368.6405337781484,0.45502432238191953,angle10,10
1369.4745621351126,0.4641450594239401,angle10,10
1370.3085904920767,0.44701823009643404,angle10,10
1371.142618849041,0.4351596016418452,angle10,10
1371.976647206005,0.460057067169074,angle10,10
1372.8106755629692,0.44550134071234876,angle10,10
1373.6447039199334,0.45936838949329867,angle10,10
1374.4787322768975,0.45143749459022603,angle10,10
1375.3127606338617,0.4456487806070742,angle10,10
1376.1467889908258,0.44977968517832173,angle10,10
1376.9808173477898,0.465109329442265,angle10,10
1377.814845704754,0.4656519689253781,angle10,10
1378.648874061718,0.4448347973675403,angle10,10
1379.4829024186822,0.4449777627550051,angle10,10
1380.3169307756464,0.4533493688610826,angle10,10
1381.1509591326105,0.43331790367190304,angle10,10
1381.9849874895747,0.4442694025876917,angle10,10
1382.8190158465388,0.43982110055796964,angle10,10
1383.653044203503,0.4423368990258404,angle10,10
1384.4870725604671,0.4299594919775121,angle10,10
1385.321100917431,0.4214703661573736,angle10,10
1386.1551292743952,0.4156867934587737,angle10,10
1386.9891576313594,0.4242713318588236,angle10,10
1387.8231859883235,0.4298651614857454,angle10,10
1388.6572143452877,0.430505178639987,angle10,10
1389.4912427022518,0.4517732726348229,angle10,10
1390.325271059216,0.44240369985765815,angle10,10
1391.1592994161801,0.4206448558451417,angle10,10
1391.9933277731443,0.4326443098315571,angle10,10
1392.8273561301085,0.42397762506685277,angle10,10
1393.6613844870726,0.42406594594405084,angle10,10
1394.4954128440368,0.42760428793806027,angle10,10
1395.329441201001,0.43076473985956937,angle10,10
1396.163469557965,0.41998327550787573,angle10,10
1396.9974979149292,0.4327983303458619,angle10,10
1397.8315262718934,0.40950580330203773,angle10,10
1398.6655546288573,0.41973565965173637,angle10,10
1399.4995829858215,0.4443781038463808,angle10,10
1400.3336113427856,0.4193435808680971,angle10,10
1401.1676396997498,0.4301389738846171,angle10,10
1402.001668056714,0.41539901761349574,angle10,10
1402.835696413678,0.41895183240044,angle10,10
1403.6697247706422,0.411220054459466,angle10,10
1404.5037531276064,0.40871153932832066,angle10,10
1405.3377814845705,0.4012327517566695,angle10,10
1406.1718098415347,0.41192711336561066,angle10,10
1407.0058381984986,0.3976901505041497,angle10,10
1407.8398665554628,0.41142803445011233,angle10,10
1408.673894912427,0.4141772907236841,angle10,10
1409.507923269391,0.40552789732550004,angle10,10
1410.3419516263552,0.3975245307258375,angle10,10
1411.1759799833194,0.4034377322436639,angle10,10
1412.0100083402835,0.3943093822264233,angle10,10
1412.8440366972477,0.4052369556059861,angle10,10
1413.6780650542119,0.3760404904670506,angle10,10
1414.512093411176,0.3894596028976902,angle10,10
1415.3461217681402,0.37135710582381987,angle10,10
1416.1801501251043,0.37475295881909443,angle10,10
1417.0141784820685,0.4017696936654771,angle10,10
1417.8482068390326,0.3954999615246047,angle10,10
1418.6822351959968,0.3777602613513442,angle10,10
1419.516263552961,0.3683272705686444,angle10,10
1420.3502919099249,0.35209492767333295,angle10,10
1421.184320266889,0.37468422348806163,angle10,10
1422.0183486238532,0.4026937269302665,angle10,10
1422.8523769808173,0.38120063954956296,angle10,10
1423.6864053377815,0.36961050369339266,angle10,10
1424.5204336947456,0.37820405772048793,angle10,10
1425.3544620517098,0.3562836918484758,angle10,10
1426.188490408674,0.36725344509411895,angle10,10
1427.022518765638,0.3695486347832168,angle10,10
1427.8565471226023,0.3660142086579138,angle10,10
1428.6905754795662,0.37309920242206274,angle10,10
1429.5246038365303,0.36694848874096514,angle10,10
1430.3586321934945,0.36849156064975436,angle10,10
1431.1926605504586,0.35322661086904233,angle10,10
1432.0266889074228,0.36738669170020893,angle10,10
1432.860717264387,0.3729926840516608,angle10,10
1433.694745621351,0.345293572477613,angle10,10
1434.5287739783153,0.34440724414139395,angle10,10
1435.3628023352794,0.36492896138866593,angle10,10
1436.1968306922436,0.3479427846641092,angle10,10
1437.0308590492077,0.36217813942026056,angle10,10
1437.8648874061719,0.34199726941318337,angle10,10
1438.698915763136,0.359255189217689,angle10,10
1439.5329441201002,0.34430151039656665,angle10,10
1440.3669724770643,0.34385107708861334,angle10,10
1441.2010008340285,0.35519872950589615,angle10,10
1442.0350291909924,0.3342176345685082,angle10,10
1442.8690575479566,0.326709343638352,angle10,10
1443.7030859049207,0.32992198823037355,angle10,10
1444.5371142618849,0.3372202808312665,angle10,10
1445.371142618849,0.315331311255022,angle10,10
1446.2051709758132,0.33565862503268534,angle10,10
1447.0391993327773,0.32219467328809476,angle10,10
1447.8732276897415,0.3373628422308739,angle10,10
1448.7072560467057,0.30024870183774444,angle10,10
1449.5412844036698,0.3146368969455343,angle10,10
1450.3753127606337,0.30395418293299786,angle10,10
1451.209341117598,0.3108783377213509,angle10,10
1452.043369474562,0.3199449145484552,angle10,10
1452.8773978315262,0.31400986335020553,angle10,10
1453.7114261884903,0.31160887319098357,angle10,10
1454.5454545454545,0.3108983574466709,angle10,10
1455.3794829024187,0.3128790750605845,angle10,10
1456.2135112593828,0.2991226374781014,angle10,10
1457.047539616347,0.3146475060721112,angle10,10
1457.8815679733111,0.312585273578697,angle10,10
1458.7155963302753,0.3081975738964611,angle10,10
1459.5496246872394,0.3083104679899794,angle10,10
1460.3836530442036,0.304116990865688,angle10,10
1461.2176814011677,0.3199213370929513,angle10,10
1462.051709758132,0.29712794685656124,angle10,10
1462.885738115096,0.293367205194658,angle10,10
1463.7197664720602,0.28735314526238165,angle10,10
1464.5537948290241,0.2830277809607079,angle10,10
1465.3878231859883,0.2793796447241665,angle10,10
1466.2218515429524,0.28142267545798283,angle10,10
1467.0558798999166,0.2881028217645089,angle10,10
1467.8899082568807,0.29066460194137866,angle10,10
1468.723936613845,0.286358498545278,angle10,10
1469.557964970809,0.27673090583966886,angle10,10
1470.3919933277732,0.29194138628249316,angle10,10
1471.2260216847374,0.28890139561296646,angle10,10
1472.0600500417013,0.27849330187219223,angle10,10
1472.8940783986654,0.27215826562172146,angle10,10
1473.7281067556296,0.2827848093118529,angle10,10
1474.5621351125938,0.2778091612901162,angle10,10
1475.396163469558,0.26009316821347844,angle10,10
1476.230191826522,0.27255609789198865,angle10,10
1477.0642201834862,0.2745344829337054,angle10,10
1477.8982485404504,0.26161248271294807,angle10,10
1478.7322768974145,0.271220564511953,angle10,10
1479.5663052543787,0.25350430889463377,angle10,10
1480.4003336113428,0.28016280599605575,angle10,10
1481.234361968307,0.2780471650490446,angle10,10
1482.0683903252711,0.26182781775412345,angle10,10
1482.9024186822353,0.2667917586196383,angle10,10
1483.7364470391994,0.23788140626281776,angle10,10
1484.5704753961636,0.24926003049919698,angle10,10
1485.4045037531278,0.2567483491607267,angle10,10
1486.2385321100917,0.2478474646145404,angle10,10
1487.0725604670558,0.2646157119415338,angle10,10
1487.90658882402,0.27636822656858245,angle10,10
1488.7406171809841,0.24357345147769005,angle10,10
1489.5746455379483,0.2459303820196001,angle10,10
1490.4086738949125,0.2556462490713712,angle10,10
1491.2427022518766,0.26841125529459614,angle10,10
1492.0767306088408,0.23910650048988713,angle10,10
1492.910758965805,0.2528728134013376,angle10,10
1493.7447873227688,0.2676699404082056,angle10,10
1494.578815679733,0.2320363786766541,angle10,10
1495.4128440366972,0.23486303718763907,angle10,10
1496.2468723936613,0.2425803803059985,angle10,10
1497.0809007506255,0.24077644937692527,angle10,10
1497.9149291075896,0.2532976103198993,angle10,10
1498.7489574645538,0.24680103689265467,angle10,10
1499.582985821518,0.22587143586462397,angle10,10
1500.417014178482,0.24803574261239103,angle10,10
1501.2510425354462,0.23639098262802438,angle10,10
1502.0850708924104,0.2542199073822783,angle10,10
1502.9190992493745,0.23453312886663463,angle10,10
1503.7531276063387,0.23380109471594715,angle10,10
1504.5871559633028,0.24496164469890574,angle10,10
1505.421184320267,0.24658767001843404,angle10,10
1506.2552126772312,0.242872623198052,angle10,10
1507.0892410341953,0.22099417503941468,angle10,10
1507.9232693911592,0.24271444638898595,angle10,10
1508.7572977481234,0.22650054546984366,angle10,10
1509.5913261050875,0.2387316106555815,angle10,10
1510.4253544620517,0.2217025518388893,angle10,10
1511.2593828190159,0.23999010514561986,angle10,10
1512.09341117598,0.22707393480629656,angle10,10
1512.9274395329442,0.2219527762340312,angle10,10
1513.7614678899083,0.24158278180760476,angle10,10
1514.5954962468722,0.23655283637738153,angle10,10
1515.4295246038364,0.2277148751298067,angle10,10
1516.2635529608006,0.24811120717685578,angle10,10
1517.0975813177647,0.2289642698904966,angle10,10
1517.9316096747289,0.23348991646409625,angle10,10
1518.765638031693,0.2356827543293187,angle10,10
1519.5996663886572,0.22664853343546465,angle10,10
1520.4336947456213,0.23743497367883434,angle10,10
1521.2677231025855,0.2272943964828312,angle10,10
1522.1017514595496,0.2284447773206997,angle10,10
1522.9357798165138,0.24614679297564096,angle10,10
1523.769808173478,0.2221007055239781,angle10,10
1524.603836530442,0.20839197755489386,angle10,10
1525.4378648874062,0.24866939679134656,angle10,10
1526.2718932443704,0.2581205932326035,angle10,10
1527.1059216013346,0.22866895243768912,angle10,10
1527.9399499582987,0.21347463812899198,angle10,10
1528.7739783152629,0.22988658571612552,angle10,10
1529.608006672227,0.23030462177239303,angle10,10
1530.442035029191,0.23147003676378794,angle10,10
1531.276063386155,0.2224647899445738,angle10,10
1532.1100917431193,0.23965061536243235,angle10,10
1532.9441201000834,0.239383310674883,angle10,10
1533.7781484570476,0.2195042680826952,angle10,10
1534.6121768140117,0.24177718224304354,angle10,10
1535.4462051709759,0.2556757015482393,angle10,10
1536.2802335279398,0.2372587748566402,angle10,10
1537.114261884904,0.23258285354562094,angle10,10
1537.948290241868,0.23497954531856582,angle10,10
1538.7823185988323,0.2430220749416608,angle10,10
1539.6163469557964,0.22005909142717445,angle10,10
1540.4503753127606,0.23953229206803622,angle10,10
1541.2844036697247,0.23453250146804727,angle10,10
1542.1184320266889,0.25749022050784254,angle10,10
1542.952460383653,0.23787103519361782,angle10,10
1543.7864887406172,0.2569182769293564,angle10,10
1544.6205170975813,0.22985435583029803,angle10,10
1545.4545454545455,0.24744231194253796,angle10,10
1546.2885738115097,0.24546714185973692,angle10,10
1547.1226021684738,0.23431140743761672,angle10,10
1547.956630525438,0.24552975806360755,angle10,10
1548.790658882402,0.2566599274784552,angle10,10
1549.6246872393663,0.24210063269753665,angle10,10
1550.4587155963304,0.2292474399571356,angle10,10
1551.2927439532946,0.24684449304342174,angle10,10
1552.1267723102587,0.2388733099131379,angle10,10
1552.9608006672227,0.2453757367722656,angle10,10
1553.7948290241868,0.24890887510556886,angle10,10
1554.628857381151,0.23361764882294123,angle10,10
1555.4628857381151,0.23549062213277763,angle10,10
1556.2969140950793,0.2574643242889412,angle10,10
1557.1309424520434,0.24843612946984414,angle10,10
1557.9649708090074,0.22905853259579645,angle10,10
1558.7989991659715,0.2636198588582723,angle10,10
1559.6330275229357,0.259583120095361,angle10,10
1560.4670558798998,0.25083101351670267,angle10,10
1561.301084236864,0.2459339025830333,angle10,10
1562.1351125938281,0.26861459389194214,angle10,10
1562.9691409507923,0.26492595733649626,angle10,10
1563.8031693077564,0.28645578984114517,angle10,10
1564.6371976647206,0.2680500975823197,angle10,10
1565.4712260216847,0.2689645604600483,angle10,10
1566.305254378649,0.26467817956038614,angle10,10
1567.139282735613,0.2757954945538691,angle10,10
1567.9733110925772,0.27517894238006335,angle10,10
1568.8073394495414,0.28276549813838703,angle10,10
1569.6413678065055,0.2663747010219787,angle10,10
1570.4753961634697,0.268592778975768,angle10,10
1571.3094245204338,0.26953369936851485,angle10,10
1572.143452877398,0.2836292878000961,angle10,10
1572.9774812343621,0.29211992069695286,angle10,10
1573.8115095913263,0.2739807431807317,angle10,10
1574.6455379482902,0.27577214461106214,angle10,10
1575.4795663052544,0.2846288417059246,angle10,10
1576.3135946622185,0.2805157837561465,angle10,10
1577.1476230191827,0.29399609033363994,angle10,10
1577.9816513761468,0.2634764419529931,angle10,10
1578.815679733111,0.2792620079920142,angle10,10
1579.649708090075,0.28125559415562484,angle10,10
1580.483736447039,0.2674424211511331,angle10,10
1581.3177648040032,0.2825910111715702,angle10,10
1582.1517931609674,0.2846721017488665,angle10,10
1582.9858215179315,0.29342339564987563,angle10,10
1583.8198498748957,0.30818904816835585,angle10,10
1584.6538782318598,0.2962475501457599,angle10,10
1585.487906588824,0.29004225667565625,angle10,10
1586.3219349457881,0.301446201931576,angle10,10
1587.1559633027523,0.31418559674194124,angle10,10
1587.9899916597165,0.29562478586682533,angle10,10
1588.8240200166806,0.2979811768093193,angle10,10
1589.6580483736448,0.31438664007238387,angle10,10
1590.492076730609,0.30831131982362076,angle10,10
1591.326105087573,0.31873799397114755,angle10,10
1592.1601334445372,0.313873708258153,angle10,10
1592.9941618015014,0.3227840298644723,angle10,10
1593.8281901584655,0.30718364031644424,angle10,10
1594.6622185154297,0.31919003444734373,angle10,10
1595.4962468723938,0.318989490168799,angle10,10
1596.3302752293578,0.31073165668156993,angle10,10
1597.164303586322,0.30905824274810734,angle10,10
1597.998331943286,0.33336086215251926,angle10,10
1598.8323603002502,0.3248117016152455,angle10,10
1599.6663886572144,0.3199233894279571,angle10,10
1600.5004170141785,0.3310160903531295,angle10,10
1601.3344453711425,0.3450960824316427,angle10,10
1602.1684737281066,0.31285246075915496,angle10,10
1603.0025020850708,0.3225429321118582,angle10,10
1603.836530442035,0.33013507081030025,angle10,10
1604.670558798999,0.3558350773546117,angle10,10
1605.5045871559632,0.34591284896636354,angle10,10
1606.3386155129274,0.3526277777575301,angle10,10
1607.1726438698915,0.33542415603075904,angle10,10
1608.0066722268557,0.33750469708276265,angle10,10
1608.8407005838199,0.35505521074589236,angle10,10
1609.674728940784,0.35303915753175746,angle10,10
1610.5087572977482,0.3598250612025984,angle10,10
1611.3427856547123,0.35434373485902343,angle10,10
1612.1768140116765,0.3608857612240037,angle10,10
1613.0108423686406,0.3615700956608746,angle10,10
1613.8448707256048,0.3696514552825379,angle10,10
1614.678899082569,0.37182863051813275,angle10,10
1615.512927439533,0.3494440778133913,angle10,10
1616.3469557964972,0.3450534401549775,angle10,10
1617.1809841534614,0.3794255798770859,angle10,10
1618.0150125104253,0.3831656439143714,angle10,10
1618.8490408673895,0.3629602917952808,angle10,10
1619.6830692243536,0.3564437543814438,angle10,10
1620.5170975813178,0.3779050966546431,angle10,10
1621.351125938282,0.38809242100434155,angle10,10
1622.185154295246,0.3986255220723727,angle10,10
1623.01918265221,0.38767393684513557,angle10,10
1623.8532110091742,0.38065062389737936,angle10,10
1624.6872393661383,0.37728836017011214,angle10,10
1625.5212677231025,0.38818070204612526,angle10,10
1626.3552960800666,0.38691431469824306,angle10,10
1627.1893244370308,0.3815909090911054,angle10,10
1628.023352793995,0.41405723019652274,angle10,10
1628.857381150959,0.41324250917500777,angle10,10
1629.6914095079233,0.4085651377445805,angle10,10
1630.5254378648874,0.3898022569864641,angle10,10
1631.3594662218516,0.4093589603151909,angle10,10
1632.1934945788157,0.4089945469047341,angle10,10
1633.0275229357799,0.40880437991043295,angle10,10
1633.861551292744,0.4186469598099352,angle10,10
1634.6955796497082,0.41426576422940065,angle10,10
1635.5296080066723,0.41706392476510895,angle10,10
1636.3636363636365,0.4177741827841869,angle10,10
1637.1976647206006,0.41654360587521067,angle10,10
1638.0316930775648,0.39701901541458123,angle10,10
1638.865721434529,0.41739926675959826,angle10,10
1639.6997497914929,0.41269719390647475,angle10,10
1640.533778148457,0.40714452621776576,angle10,10
1641.3678065054212,0.43843232838758744,angle10,10
1642.2018348623853,0.440562388255302,angle10,10
1643.0358632193495,0.43850960482236195,angle10,10
1643.8698915763136,0.4291008363510563,angle10,10
1644.7039199332776,0.4416722472929904,angle10,10
1645.5379482902417,0.42988946663339783,angle10,10
1646.3719766472059,0.4333851487235361,angle10,10
1647.20600500417,0.42199566661311294,angle10,10
1648.0400333611342,0.4384581252034795,angle10,10
1648.8740617180983,0.4366341984671894,angle10,10
1649.7080900750625,0.42452991146827695,angle10,10
1650.5421184320267,0.43855419626038494,angle10,10
1651.3761467889908,0.43976192631598027,angle10,10
1652.210175145955,0.4600108903361046,angle10,10
1653.0442035029191,0.45243615694488776,angle10,10
1653.8782318598833,0.4450496013531878,angle10,10
1654.7122602168474,0.44884621568408656,angle10,10
1655.5462885738116,0.4482054323614463,angle10,10
1656.3803169307757,0.4471206072549804,angle10,10
1657.21434528774,0.4396930925130237,angle10,10
1658.048373644704,0.45035535253122666,angle10,10
1658.8824020016682,0.4457339998795291,angle10,10
1659.7164303586324,0.4420012617671296,angle10,10
1660.5504587155965,0.4609061172713725,angle10,10
1661.3844870725604,0.4609758031384486,angle10,10
1662.2185154295246,0.4404448470248263,angle10,10
1663.0525437864887,0.4583130869098704,angle10,10
1663.886572143453,0.4707039458752693,angle10,10
1664.720600500417,0.47252490249561924,angle10,10
1665.5546288573812,0.4733552525512994,angle10,10
1666.3886572143451,0.4646284775477788,angle10,10
1667.2226855713093,0.4569093572145877,angle10,10
1668.0567139282734,0.45562105717142576,angle10,10
1668.8907422852376,0.4709798706644806,angle10,10
1669.7247706422017,0.4723797157014371,angle10,10
1670.558798999166,0.48249041924304426,angle10,10
1671.39282735613,0.48162398304880377,angle10,10
1672.2268557130942,0.47028565587773385,angle10,10
1673.0608840700584,0.46012611411769,angle10,10
1673.8949124270225,0.4703136143533068,angle10,10
1674.7289407839867,0.4765895843772679,angle10,10
1675.5629691409508,0.47328492989423365,angle10,10
1676.396997497915,0.4703910275560634,angle10,10
1677.2310258548791,0.4795385634743585,angle10,10
1678.0650542118433,0.4727852545393315,angle10,10
1678.8990825688074,0.4723344927786778,angle10,10
1679.7331109257716,0.48249504933600584,angle10,10
1680.5671392827358,0.4761008545880734,angle10,10
1681.4011676397,0.48327682765832164,angle10,10
1682.235195996664,0.4842574290144156,angle10,10
1683.069224353628,0.4707951688099827,angle10,10
1683.9032527105921,0.47801545176921195,angle10,10
1684.7372810675563,0.49781824566462096,angle10,10
1685.5713094245205,0.4724063841975193,angle10,10
1686.4053377814846,0.46342131426698463,angle10,10
1687.2393661384488,0.4665039554640976,angle10,10
1688.073394495413,0.48592182183492993,angle10,10
1688.9074228523768,0.48642188189187446,angle10,10
1689.741451209341,0.48539216884007647,angle10,10
1690.5754795663051,0.4991392416314019,angle10,10
1691.4095079232693,0.4606714847213627,angle10,10
1692.2435362802335,0.4917350013573595,angle10,10
1693.0775646371976,0.5037391601366561,angle10,10
1693.9115929941618,0.4771693080361893,angle10,10
1694.745621351126,0.4849445563455949,angle10,10
1695.57964970809,0.48148232847959377,angle10,10
1696.4136780650542,0.48030949204547374,angle10,10
1697.2477064220184,0.48620508029964865,angle10,10
1698.0817347789825,0.5039303144182286,angle10,10
1698.9157631359467,0.5081900794362566,angle10,10
1699.7497914929108,0.48659054396739754,angle10,10
1700.583819849875,0.5091072229904423,angle10,10
1701.4178482068392,0.4904920261001764,angle10,10
1702.2518765638033,0.507725768774334,angle10,10
1703.0859049207675,0.4892814328269511,angle10,10
1703.9199332777316,0.49152353507520763,angle10,10
1704.7539616346955,0.4938392348337397,angle10,10
1705.5879899916597,0.5219175812070341,angle10,10
1706.4220183486239,0.49855950677380106,angle10,10
1707.256046705588,0.48286470200947984,angle10,10
1708.0900750625522,0.4994911553975553,angle10,10
1708.9241034195163,0.4860198632974564,angle10,10
1709.7581317764805,0.48455093692990464,angle10,10
1710.5921601334444,0.4983180021263409,angle10,10
1711.4261884904085,0.4892997614297766,angle10,10
1712.2602168473727,0.4915050225584819,angle10,10
1713.0942452043369,0.4885629938961513,angle10,10
1713.928273561301,0.49146645714444503,angle10,10
1714.7623019182652,0.4920014664727868,angle10,10
1715.5963302752293,0.4680071146207778,angle10,10
1716.4303586321935,0.4936413852288277,angle10,10
1717.2643869891576,0.47672834628355226,angle10,10
1718.0984153461218,0.4716725534663321,angle10,10
1718.932443703086,0.4850326800131504,angle10,10
1719.76647206005,0.48595222009804706,angle10,10
1720.6005004170142,0.47764746848558154,angle10,10
1721.4345287739784,0.4923376094439184,angle10,10
1722.2685571309426,0.47002508454055614,angle10,10
1723.1025854879067,0.47877187826904344,angle10,10
1723.9366138448709,0.4763621434389127,angle10,10
1724.770642201835,0.48108983147289974,angle10,10
1725.6046705587992,0.4836645832228576,angle10,10
1726.438698915763,0.47009283588809175,angle10,10
1727.2727272727273,0.4866861834720699,angle10,10
1728.1067556296914,0.4793209209582404,angle10,10
1728.9407839866556,0.45899511296267625,angle10,10
1729.7748123436197,0.4575286707134424,angle10,10
1730.6088407005839,0.4761679323018733,angle10,10
1731.442869057548,0.4732347270399657,angle10,10
1732.276897414512,0.4735404185657188,angle10,10
1733.110925771476,0.47340217393688205,angle10,10
1733.9449541284403,0.47502235498283213,angle10,10
1734.7789824854044,0.4813056151223887,angle10,10
1735.6130108423686,0.45975826691467125,angle10,10
1736.4470391993327,0.4581678664671581,angle10,10
1737.2810675562969,0.45795091991308917,angle10,10
1738.115095913261,0.47074845582240993,angle10,10
1738.9491242702252,0.4792626979315819,angle10,10
1739.7831526271893,0.46143282364231464,angle10,10
1740.6171809841535,0.4396415316169925,angle10,10
1741.4512093411176,0.4465104955508342,angle10,10
1742.2852376980818,0.45409180168358826,angle10,10
1743.119266055046,0.4556967484603535,angle10,10
1743.95329441201,0.45602242072809474,angle10,10
1744.7873227689743,0.4593050711067965,angle10,10
1745.6213511259384,0.45459571897899614,angle10,10
1746.4553794829026,0.46698176094857263,angle10,10
1747.2894078398667,0.44848492932314993,angle10,10
1748.1234361968307,0.44536051429513984,angle10,10
1748.9574645537948,0.457493197839929,angle10,10
1749.791492910759,0.4360512344782667,angle10,10
1750.6255212677231,0.4539905601666596,angle10,10
1751.4595496246873,0.4497882530369046,angle10,10
1752.2935779816514,0.44594078328501147,angle10,10
1753.1276063386156,0.46193418762588107,angle10,10
1753.9616346955795,0.43844962801103243,angle10,10
1754.7956630525437,0.4638793473649312,angle10,10
1755.6296914095078,0.43961143491462235,angle10,10
1756.463719766472,0.4276700259648438,angle10,10
1757.2977481234361,0.4396992245691608,angle10,10
1758.1317764804003,0.4267831558053287,angle10,10
1758.9658048373644,0.4285597156655696,angle10,10
1759.7998331943286,0.43856571048170717,angle10,10
1760.6338615512927,0.4386560914820424,angle10,10
1761.467889908257,0.4253706322338172,angle10,10
1762.301918265221,0.43994590350218926,angle10,10
1763.1359466221852,0.44011433808576317,angle10,10
1763.9699749791494,0.44135791636212524,angle10,10
1764.8040033361135,0.4307332678471128,angle10,10
1765.6380316930777,0.4375066219857836,angle10,10
1766.4720600500418,0.4034868896919744,angle10,10
1767.306088407006,0.4175280599208467,angle10,10
1768.1401167639701,0.4104394132373995,angle10,10
1768.9741451209343,0.4186945326266183,angle10,10
1769.8081734778982,0.4101714388706951,angle10,10
1770.6422018348624,0.41259924159689976,angle10,10
1771.4762301918265,0.4314490747284766,angle10,10
1772.3102585487907,0.409288637767757,angle10,10
1773.1442869057548,0.413474661346149,angle10,10
1773.978315262719,0.40535773040980877,angle10,10
1774.8123436196831,0.4067744172981795,angle10,10
1775.646371976647,0.4044078807276476,angle10,10
1776.4804003336112,0.4071553479525764,angle10,10
1777.3144286905754,0.41264393631289414,angle10,10
1778.1484570475395,0.41577831259422005,angle10,10
1778.9824854045037,0.4007092419767906,angle10,10
1779.8165137614678,0.4018127354103783,angle10,10
1780.650542118432,0.3827088046787224,angle10,10
1781.4845704753961,0.391635225281618,angle10,10
1782.3185988323603,0.4002101927112732,angle10,10
1783.1526271893244,0.3977574556612198,angle10,10
1783.9866555462886,0.3895019077527745,angle10,10
1784.8206839032528,0.39453576572432847,angle10,10
1785.654712260217,0.3888638885578198,angle10,10
1786.488740617181,0.39424246446966005,angle10,10
1787.3227689741452,0.3834153646741285,angle10,10
1788.1567973311094,0.37524675786536393,angle10,10
1788.9908256880735,0.3804441241975645,angle10,10
1789.8248540450377,0.3460621471585167,angle10,10
1790.6588824020018,0.3774801421502598,angle10,10
1791.4929107589658,0.3354515706995026,angle10,10
1792.32693911593,0.3529871047790137,angle10,10
1793.160967472894,0.37302749557397746,angle10,10
1793.9949958298582,0.3715756090750402,angle10,10
1794.8290241868224,0.3534693735324263,angle10,10
1795.6630525437865,0.3562692294675446,angle10,10
1796.4970809007507,0.3753958939425838,angle10,10
1797.3311092577146,0.35515446440335063,angle10,10
1798.1651376146788,0.38073269896100626,angle10,10
1798.999165971643,0.35659787583856245,angle10,10
1799.833194328607,0.35901626195542824,angle10,10
1800.6672226855712,0.369429114955737,angle10,10
1801.5012510425354,0.35290115429735835,angle10,10
1802.3352793994995,0.3399043919248634,angle10,10
1803.1693077564637,0.347174335843402,angle10,10
1804.0033361134278,0.3462665037205032,angle10,10
1804.837364470392,0.331333807809538,angle10,10
1805.6713928273562,0.3407895181123487,angle10,10
1806.5054211843203,0.3343009205397493,angle10,10
1807.3394495412845,0.3493501948895902,angle10,10
1808.1734778982486,0.338845668128625,angle10,10
1809.0075062552128,0.334074061178903,angle10,10
1809.841534612177,0.33425258469638336,angle10,10
1810.675562969141,0.33596830216680484,angle10,10
1811.5095913261052,0.33833856888729347,angle10,10
1812.3436196830694,0.32061768831446913,angle10,10
1813.1776480400335,0.31865472617659746,angle10,10
1814.0116763969975,0.3385849615660529,angle10,10
1814.8457047539616,0.3218945067697077,angle10,10
1815.6797331109258,0.3103416612431439,angle10,10
1816.51376146789,0.3274532751477779,angle10,10
1817.347789824854,0.32616712691833527,angle10,10
1818.1818181818182,0.3047581247422165,angle10,10
1819.0158465387822,0.3209058602546384,angle10,10
1819.8498748957463,0.3245269036771104,angle10,10
1820.6839032527105,0.31948957411481854,angle10,10
1821.5179316096746,0.3206551085048594,angle10,10
1822.3519599666388,0.2988974706441715,angle10,10
1823.185988323603,0.31487104824045087,angle10,10
1824.020016680567,0.307170880968358,angle10,10
1824.8540450375313,0.30402188176118894,angle10,10
1825.6880733944954,0.31622463957899233,angle10,10
1826.5221017514596,0.3209980427769589,angle10,10
1827.3561301084237,0.322852441336836,angle10,10
1828.1901584653879,0.3167778025649294,angle10,10
1829.024186822352,0.30127121208125884,angle10,10
1829.8582151793162,0.30465273559219735,angle10,10
1830.6922435362803,0.3075691916983738,angle10,10
1831.5262718932445,0.2999069152260228,angle10,10
1832.3603002502086,0.2988159846539184,angle10,10
1833.1943286071728,0.30457840169021466,angle10,10
1834.028356964137,0.29460017397401667,angle10,10
1834.862385321101,0.28677214109300425,angle10,10
1835.696413678065,0.2888124427935837,angle10,10
1836.5304420350292,0.29820886166841476,angle10,10
1837.3644703919933,0.2908329605549341,angle10,10
1838.1984987489575,0.2931593416831136,angle10,10
1839.0325271059216,0.29543344761420803,angle10,10
1839.8665554628858,0.2839811025562036,angle10,10
1840.7005838198497,0.29431055440476234,angle10,10
1841.5346121768139,0.2895769879625655,angle10,10
1842.368640533778,0.27250308883736074,angle10,10
1843.2026688907422,0.29835932406238547,angle10,10
1844.0366972477063,0.27803650882111464,angle10,10
1844.8707256046705,0.26562352649894383,angle10,10
1845.7047539616347,0.2708776248225515,angle10,10
1846.5387823185988,0.2702944601696305,angle10,10
1847.372810675563,0.2802269670023349,angle10,10
1848.2068390325271,0.2761907220019998,angle10,10
1849.0408673894913,0.2748087655113189,angle10,10
1849.8748957464554,0.283646016169116,angle10,10
1850.7089241034196,0.28014389753593255,angle10,10
1851.5429524603837,0.27922618354803996,angle10,10
1852.3769808173479,0.2795091357629786,angle10,10
1853.211009174312,0.2809420960300893,angle10,10
1854.0450375312762,0.25309602670837966,angle10,10
1854.8790658882403,0.2699510561841518,angle10,10
1855.7130942452045,0.2512384339863813,angle10,10
1856.5471226021687,0.27287159102358904,angle10,10
1857.3811509591326,0.27196061849789055,angle10,10
1858.2151793160967,0.2819838591662565,angle10,10
1859.049207673061,0.2829522268943594,angle10,10
1859.883236030025,0.27267685916069073,angle10,10
1860.7172643869892,0.26524471775669706,angle10,10
1861.5512927439534,0.27472526277102033,angle10,10
1862.3853211009173,0.2642460048876074,angle10,10
1863.2193494578814,0.269189088193897,angle10,10
1864.0533778148456,0.2787686065612851,angle10,10
1864.8874061718097,0.2630602393059445,angle10,10
1865.721434528774,0.2764520087102011,angle10,10
1866.555462885738,0.274953139235474,angle10,10
1867.3894912427022,0.2584418117854511,angle10,10
1868.2235195996664,0.27756603830549453,angle10,10
1869.0575479566305,0.27467694565133466,angle10,10
1869.8915763135947,0.2686015937587388,angle10,10
1870.7256046705588,0.2598770638554127,angle10,10
1871.559633027523,0.25885314994915093,angle10,10
1872.3936613844871,0.262040475425553,angle10,10
1873.2276897414513,0.27284194137918544,angle10,10
1874.0617180984154,0.2578856641614515,angle10,10
1874.8957464553796,0.27186999390356403,angle10,10
1875.7297748123437,0.2551573150651166,angle10,10
1876.563803169308,0.2656412275678234,angle10,10
1877.397831526272,0.2689124728102135,angle10,10
1878.2318598832362,0.2924284059396816,angle10,10
1879.0658882402001,0.2543920670180803,angle10,10
1879.8999165971643,0.28310047458191895,angle10,10
1880.7339449541284,0.27012081497820917,angle10,10
1881.5679733110926,0.2730030927602055,angle10,10
1882.4020016680568,0.27037071445165517,angle10,10
1883.236030025021,0.27395719635134524,angle10,10
1884.0700583819848,0.26832254716219806,angle10,10
1884.904086738949,0.2847760872777297,angle10,10
1885.7381150959131,0.2660737125139695,angle10,10
1886.5721434528773,0.2823901874151863,angle10,10
1887.4061718098415,0.26508008949074974,angle10,10
1888.2402001668056,0.27140357853623426,angle10,10
1889.0742285237698,0.2617951351844632,angle10,10
1889.908256880734,0.27759989317614125,angle10,10
1890.742285237698,0.2880619406120078,angle10,10
1891.5763135946622,0.2734241664770722,angle10,10
1892.4103419516264,0.27284182717628164,angle10,10
1893.2443703085905,0.2643032597301569,angle10,10
1894.0783986655547,0.2738209121741088,angle10,10
1894.9124270225188,0.26087583867033715,angle10,10
1895.746455379483,0.26839034047080146,angle10,10
1896.5804837364471,0.2805275739617854,angle10,10
1897.4145120934113,0.2922155446212824,angle10,10
1898.2485404503755,0.30790817260984515,angle10,10
1899.0825688073396,0.27476565731755764,angle10,10
1899.9165971643038,0.29582458174141113,angle10,10
1900.7506255212677,0.2847736342901704,angle10,10
1901.5846538782318,0.2817124435909552,angle10,10
1902.418682235196,0.2884637748932757,angle10,10
1903.2527105921602,0.28569381832861174,angle10,10
1904.0867389491243,0.2871391543255522,angle10,10
1904.9207673060885,0.28293593179830717,angle10,10
1905.7547956630524,0.2740455529816032,angle10,10
1906.5888240200165,0.2736208952640005,angle10,10
1907.4228523769807,0.29664299194033267,angle10,10
1908.2568807339449,0.28841961752511297,angle10,10
1909.090909090909,0.28632426052818494,angle10,10
1909.9249374478732,0.2934909638903691,angle10,10
1910.7589658048373,0.3024979814602605,angle10,10
1911.5929941618015,0.29751680413223675,angle10,10
1912.4270225187656,0.2903386319198272,angle10,10
1913.2610508757298,0.3103693897429629,angle10,10
1914.095079232694,0.3151266031431603,angle10,10
1914.929107589658,0.3055293535959077,angle10,10
1915.7631359466222,0.3115899493870734,angle10,10
1916.5971643035864,0.3155626624560194,angle10,10
1917.4311926605506,0.3157537529739221,angle10,10
1918.2652210175147,0.3119231216392408,angle10,10
1919.0992493744789,0.3131143623281686,angle10,10
1919.933277731443,0.31369536633570183,angle10,10
1920.7673060884072,0.2989120698754239,angle10,10
1921.6013344453713,0.3182978877594471,angle10,10
1922.4353628023352,0.29915595170362264,angle10,10
1923.2693911592994,0.30620945573699954,angle10,10
1924.1034195162636,0.32865007744478536,angle10,10
1924.9374478732277,0.3254929124624619,angle10,10
1925.7714762301919,0.33345797147618866,angle10,10
1926.605504587156,0.3173771984160099,angle10,10
1927.4395329441202,0.3100977619398858,angle10,10
1928.273561301084,0.32075821571859364,angle10,10
1929.1075896580483,0.3257409384333477,angle10,10
1929.9416180150124,0.3270839184906902,angle10,10
1930.7756463719766,0.33921927427208226,angle10,10
1931.6096747289407,0.325872896490911,angle10,10
1932.4437030859049,0.33462342731153827,angle10,10
1933.277731442869,0.32284829781057334,angle10,10
1934.1117597998332,0.3388828847620391,angle10,10
1934.9457881567973,0.33606924415417033,angle10,10
1935.7798165137615,0.3302114209646359,angle10,10
1936.6138448707256,0.337035247557441,angle10,10
1937.4478732276898,0.3392480009566915,angle10,10
1938.281901584654,0.3400962913000969,angle10,10
1939.115929941618,0.36223083996029665,angle10,10
1939.9499582985823,0.3452636844828352,angle10,10
1940.7839866555464,0.34555066113935545,angle10,10
1941.6180150125106,0.32876697748477207,angle10,10
1942.4520433694747,0.3425612894220121,angle10,10
1943.2860717264389,0.35064413735982125,angle10,10
1944.1201000834028,0.3481971058363419,angle10,10
1944.954128440367,0.37066233932104936,angle10,10
1945.788156797331,0.3569940016832092,angle10,10
1946.6221851542953,0.3733340367939526,angle10,10
1947.4562135112594,0.36288056604629354,angle10,10
1948.2902418682236,0.36445704400643686,angle10,10
1949.1242702251877,0.3650249759730888,angle10,10
1949.9582985821517,0.36778561342456656,angle10,10
1950.7923269391158,0.3867764523527709,angle10,10
1951.62635529608,0.3482389913461026,angle10,10
1952.4603836530441,0.3532715849649026,angle10,10
1953.2944120100083,0.3697122268204738,angle10,10
1954.1284403669724,0.37715065590461677,angle10,10
1954.9624687239366,0.3857720118006752,angle10,10
1955.7964970809007,0.38547117686086063,angle10,10
1956.630525437865,0.3787705274408221,angle10,10
1957.464553794829,0.39467904630059275,angle10,10
1958.2985821517932,0.39666872339292514,angle10,10
1959.1326105087574,0.3900876403753712,angle10,10
1959.9666388657215,0.39975565822952736,angle10,10
1960.8006672226857,0.39473887796505386,angle10,10
1961.6346955796498,0.38828185461834813,angle10,10
1962.468723936614,0.40275962369968565,angle10,10
1963.3027522935781,0.39877246185060394,angle10,10
1964.1367806505423,0.3995643032990379,angle10,10
1964.9708090075064,0.4161643077193884,angle10,10
1965.8048373644704,0.3788088050645436,angle10,10
1966.6388657214345,0.3910219206651776,angle10,10
1967.4728940783987,0.39520737060434763,angle10,10
1968.3069224353628,0.4053224526318276,angle10,10
1969.140950792327,0.4082832291657291,angle10,10
1969.9749791492911,0.3976271700521449,angle10,10
1970.8090075062553,0.4047164228848159,angle10,10
1971.6430358632192,0.4078232220108335,angle10,10
1972.4770642201834,0.4428651730018145,angle10,10
1973.3110925771475,0.43816290230572663,angle10,10
1974.1451209341117,0.4178773976950284,angle10,10
1974.9791492910758,0.42020292830184325,angle10,10
1975.81317764804,0.41418465409696925,angle10,10
1976.6472060050041,0.4084269909108448,angle10,10
1977.4812343619683,0.4281643682699841,angle10,10
1978.3152627189324,0.4211724070315738,angle10,10
1979.1492910758966,0.4321126690428291,angle10,10
1979.9833194328608,0.418761464948823,angle10,10
1980.817347789825,0.4289378421192984,angle10,10
1981.651376146789,0.4398292495682498,angle10,10
1982.4854045037532,0.44378141157617756,angle10,10
1983.3194328607174,0.4460609357005083,angle10,10
1984.1534612176815,0.4304384109059468,angle10,10
1984.9874895746457,0.453937049603246,angle10,10
1985.8215179316098,0.43912439890767824,angle10,10
1986.655546288574,0.4551804780882209,angle10,10
1987.489574645538,0.4504595846859448,angle10,10
1988.323603002502,0.438504490906815,angle10,10
1989.1576313594662,0.45079674035859635,angle10,10
1989.9916597164304,0.4592903012331986,angle10,10
1990.8256880733945,0.46343149956254104,angle10,10
1991.6597164303587,0.457544027778152,angle10,10
1992.4937447873228,0.47591028217254755,angle10,10
1993.3277731442868,0.4722923625158131,angle10,10
1994.161801501251,0.461261302828914,angle10,10
1994.995829858215,0.47292513476492287,angle10,10
1995.8298582151792,0.48634306669748784,angle10,10
1996.6638865721434,0.4881759980430738,angle10,10
1997.4979149291075,0.4578416442649363,angle10,10
1998.3319432860717,0.46239094320830404,angle10,10
1999.1659716430358,0.48802390657758493,angle10,10
2000.0,0.46409384231880724,angle10,10
1000.0,0.40662727145754846,angle15,15
1000.8340283569642,0.4151498738125368,angle15,15
1001.6680567139283,0.42434618612877195,angle15,15
1002.5020850708925,0.4192250164920283,angle15,15
1003.3361134278565,0.4138213676058895,angle15,15
1004.1701417848207,0.41363585638527894,angle15,15
1005.0041701417848,0.4132785517995553,angle15,15
1005.838198498749,0.4116037452477191,angle15,15
1006.6722268557131,0.4431850865381116,angle15,15
1007.5062552126773,0.42328680742528174,angle15,15
1008.3402835696413,0.4290952805791016,angle15,15
1009.1743119266055,0.41522600077833494,angle15,15
1010.0083402835696,0.4181194300085309,angle15,15
1010.8423686405338,0.41267886403190374,angle15,15
1011.6763969974979,0.39310596919709323,angle15,15
1012.5104253544621,0.4056249120356258,angle15,15
1013.3444537114262,0.4010541417575504,angle15,15
1014.1784820683903,0.3963912599661074,angle15,15
1015.0125104253544,0.4066378025501543,angle15,15
1015.8465387823186,0.43151685488455244,angle15,15
1016.6805671392827,0.4174725452994937,angle15,15
1017.5145954962469,0.43044595433842914,angle15,15
1018.348623853211,0.4212474567449983,angle15,15
1019.1826522101751,0.42453454756638886,angle15,15
1020.0166805671392,0.40724544716877825,angle15,15
1020.8507089241034,0.4210136351930114,angle15,15
1021.6847372810676,0.42255535427824586,angle15,15
1022.5187656380317,0.40897033587373943,angle15,15
1023.3527939949959,0.4197754584925516,angle15,15
1024.18682235196,0.4192599717671309,angle15,15
1025.0208507089242,0.4074955507235353,angle15,15
1025.8548790658883,0.40113147432486795,angle15,15
1026.6889074228525,0.39986121721343115,angle15,15
1027.5229357798164,0.41188632479701043,angle15,15
1028.3569641367806,0.4135857361981243,angle15,15
1029.1909924937447,0.4016605244508674,angle15,15
1030.0250208507089,0.40909774181157216,angle15,15
1030.859049207673,0.4137595135029133,angle15,15
1031.6930775646372,0.4134346482097617,angle15,15
1032.5271059216013,0.4219466827738542,angle15,15
1033.3611342785655,0.4183495776882747,angle15,15
1034.1951626355296,0.39469570005323446,angle15,15
1035.0291909924938,0.4206504938414031,angle15,15
1035.863219349458,0.3975882766909779,angle15,15
1036.697247706422,0.41240779784650444,angle15,15
1037.5312760633863,0.40167781237669375,angle15,15
1038.3653044203502,0.39589341254084925,angle15,15
1039.1993327773143,0.38093322209741165,angle15,15
1040.0333611342785,0.3962683993538499,angle15,15
1040.8673894912426,0.38134288531536675,angle15,15
1041.7014178482068,0.405541457524751,angle15,15
1042.535446205171,0.40994747307109425,angle15,15
1043.369474562135,0.38570111598313794,angle15,15
1044.2035029190993,0.395560479526286,angle15,15
1045.0375312760634,0.38413754329758104,angle15,15
1045.8715596330276,0.3839377156432636,angle15,15
1046.7055879899917,0.3967793146526997,angle15,15
1047.5396163469559,0.38744177648912126,angle15,15
1048.37364470392,0.4039977087111432,angle15,15
1049.207673060884,0.3805345454659948,angle15,15
1050.0417014178481,0.3940877475549823,angle15,15
1050.8757297748123,0.3837882076776876,angle15,15
1051.7097581317764,0.3894740256458851,angle15,15
1052.5437864887406,0.37572963494763806,angle15,15
1053.3778148457047,0.3783736982575228,angle15,15
1054.211843202669,0.3763658010659166,angle15,15
1055.045871559633,0.36779547275906677,angle15,15
1055.8798999165972,0.381396190495795,angle15,15
1056.7139282735614,0.3798816036016729,angle15,15
1057.5479566305255,0.37790313951812077,angle15,15
1058.3819849874897,0.38591080567150904,angle15,15
1059.2160133444538,0.3835935715239762,angle15,15
1060.0500417014177,0.3638954123707419,angle15,15
1060.884070058382,0.36990622636083575,angle15,15
1061.718098415346,0.3584569982429386,angle15,15
1062.5521267723102,0.36343067126155076,angle15,15
1063.3861551292744,0.3556909035064694,angle15,15
1064.2201834862385,0.376367906737355,angle15,15
1065.0542118432027,0.3622708781788958,angle15,15
1065.8882402001668,0.35490855016491774,angle15,15
1066.722268557131,0.36746859068365295,angle15,15
1067.5562969140951,0.332258802707508,angle15,15
1068.3903252710593,0.332245843072758,angle15,15
1069.2243536280234,0.3587569026173282,angle15,15
1070.0583819849876,0.34980495918346505,angle15,15
1070.8924103419517,0.3500969869297333,angle15,15
1071.7264386989157,0.3327116838438285,angle15,15
1072.5604670558798,0.344117683638083,angle15,15
1073.394495412844,0.36275113080537735,angle15,15
1074.2285237698081,0.34931607598891024,angle15,15
1075.0625521267723,0.3411216043132366,angle15,15
1075.8965804837364,0.3333772653685643,angle15,15
1076.7306088407006,0.33215854027255187,angle15,15
1077.5646371976648,0.3131423466443972,angle15,15
1078.398665554629,0.3353347740680573,angle15,15
1079.232693911593,0.3395316293522122,angle15,15
1080.0667222685572,0.3136338152648042,angle15,15
1080.9007506255214,0.32108423069361514,angle15,15
1081.7347789824853,0.31442772522217227,angle15,15
1082.5688073394494,0.31464881340443634,angle15,15
1083.4028356964136,0.32313347924706715,angle15,15
1084.2368640533778,0.3000477656266902,angle15,15
1085.070892410342,0.32532480580658524,angle15,15
1085.904920767306,0.325008560528096,angle15,15
1086.7389491242702,0.3132448911662401,angle15,15
1087.5729774812344,0.2892331430805288,angle15,15
1088.4070058381985,0.30235916243355165,angle15,15
1089.2410341951627,0.32293470365909316,angle15,15
1090.0750625521268,0.2811076981553044,angle15,15
1090.909090909091,0.3036943904993685,angle15,15
1091.7431192660551,0.29365203349760116,angle15,15
1092.5771476230193,0.3117809998518297,angle15,15
1093.4111759799832,0.2952686574624111,angle15,15
1094.2452043369474,0.30434548735414474,angle15,15
1095.0792326939115,0.3042487565655593,angle15,15
1095.9132610508757,0.3152470756482894,angle15,15
1096.7472894078398,0.2931489263729679,angle15,15
1097.581317764804,0.2972355851324707,angle15,15
1098.4153461217682,0.276925051989159,angle15,15
1099.2493744787323,0.3019842792980532,angle15,15
1100.0834028356965,0.2807840645147967,angle15,15
1100.9174311926606,0.28109549302799786,angle15,15
1101.7514595496248,0.28479970953589046,angle15,15
1102.585487906589,0.26771816559984296,angle15,15
1103.4195162635529,0.2839655959983758,angle15,15
1104.253544620517,0.28968990514790516,angle15,15
1105.0875729774812,0.2812887809277487,angle15,15
1105.9216013344453,0.2608219128558932,angle15,15
1106.7556296914095,0.2738318772233696,angle15,15
1107.5896580483736,0.28085736534192207,angle15,15
1108.4236864053378,0.2530327060783111,angle15,15
1109.257714762302,0.2594492472142646,angle15,15
1110.091743119266,0.2773558361221954,angle15,15
1110.9257714762302,0.2696944071238894,angle15,15
1111.7597998331944,0.2695261599779056,angle15,15
1112.5938281901585,0.2824246987444742,angle15,15
1113.4278565471227,0.26694927423974885,angle15,15
1114.2618849040869,0.26728768334921277,angle15,15
1115.0959132610508,0.28627274554708215,angle15,15
1115.929941618015,0.25549552862386105,angle15,15
1116.763969974979,0.24813519139964252,angle15,15
1117.5979983319432,0.2588849500111823,angle15,15
1118.4320266889074,0.25750274391579736,angle15,15
1119.2660550458716,0.24636476343153413,angle15,15
1120.1000834028357,0.23984061957295677,angle15,15
1120.9341117597999,0.27180964458536805,angle15,15
1121.768140116764,0.2505405301915298,angle15,15
1122.6021684737282,0.2385247644534766,angle15,15
1123.4361968306923,0.2535974115596001,angle15,15
1124.2702251876565,0.24195245123950707,angle15,15
1125.1042535446204,0.2391365194697494,angle15,15
1125.9382819015846,0.24592546027573053,angle15,15
1126.7723102585487,0.2260375988317597,angle15,15
1127.6063386155129,0.24115299806073226,angle15,15
1128.440366972477,0.25544351162807205,angle15,15
1129.2743953294412,0.23968022537913314,angle15,15
1130.1084236864053,0.22997837137131347,angle15,15
1130.9424520433695,0.22740934851363856,angle15,15
1131.7764804003336,0.22713507853491566,angle15,15
1132.6105087572978,0.22747539517034074,angle15,15
1133.444537114262,0.22503226156615694,angle15,15
1134.278565471226,0.2367877978080902,angle15,15
1135.1125938281903,0.209126286436085,angle15,15
1135.9466221851544,0.2339316912587611,angle15,15
1136.7806505421183,0.22038803523211659,angle15,15
1137.6146788990825,0.22684775725455222,angle15,15
1138.4487072560466,0.21072221659196297,angle15,15
1139.2827356130108,0.23421292363232005,angle15,15
1140.116763969975,0.2323384397346406,angle15,15
1140.950792326939,0.2284546866607627,angle15,15
1141.7848206839033,0.20270938843786449,angle15,15
1142.6188490408674,0.22516800980488932,angle15,15
1143.4528773978316,0.21996716066621685,angle15,15
1144.2869057547957,0.1989298905562754,angle15,15
1145.1209341117599,0.2138260347153461,angle15,15
1145.954962468724,0.2168233959510686,angle15,15
1146.788990825688,0.21787070288166968,angle15,15
1147.6230191826521,0.21323753391222625,angle15,15
1148.4570475396163,0.2135554847691426,angle15,15
1149.2910758965804,0.2245810191350954,angle15,15
1150.1251042535446,0.22133066188018918,angle15,15
1150.9591326105087,0.17964906713359546,angle15,15
1151.7931609674729,0.20441858931937398,angle15,15
1152.627189324437,0.2052440696553883,angle15,15
1153.4612176814012,0.1886916232295999,angle15,15
1154.2952460383653,0.20650106411995614,angle15,15
1155.1292743953295,0.2174181974458493,angle15,15
1155.9633027522937,0.19346124938137083,angle15,15
1156.7973311092578,0.20711232254248418,angle15,15
1157.631359466222,0.19403668968344398,angle15,15
1158.465387823186,0.19594778515744432,angle15,15
1159.29941618015,0.2169383301076929,angle15,15
1160.1334445371142,0.196261943418812,angle15,15
1160.9674728940784,0.20585854011602575,angle15,15
1161.8015012510425,0.18209901388635633,angle15,15
1162.6355296080067,0.21903515132601692,angle15,15
1163.4695579649708,0.2060653904534455,angle15,15
1164.303586321935,0.19786697034020043,angle15,15
1165.1376146788991,0.205126846118291,angle15,15
1165.9716430358633,0.18497899950352692,angle15,15
1166.8056713928274,0.21063479960630743,angle15,15
1167.6396997497916,0.1953285075794969,angle15,15
1168.4737281067555,0.19631316122147324,angle15,15
1169.3077564637197,0.1932495062901115,angle15,15
1170.1417848206838,0.19219852063038256,angle15,15
1170.975813177648,0.20481753423008844,angle15,15
1171.8098415346121,0.20032256035160137,angle15,15
1172.6438698915763,0.20420055026923972,angle15,15
1173.4778982485404,0.19754164915452932,angle15,15
1174.3119266055046,0.20273510239169068,angle15,15
1175.1459549624687,0.19341513087764323,angle15,15
1175.979983319433,0.21992847525215603,angle15,15
1176.814011676397,0.1820064282703243,angle15,15
1177.6480400333612,0.21037672483906036,angle15,15
1178.4820683903254,0.21155508925366093,angle15,15
1179.3160967472895,0.18949012811108887,angle15,15
1180.1501251042537,0.22046718019527348,angle15,15
1180.9841534612176,0.20831908345521896,angle15,15
1181.8181818181818,0.20829229188257264,angle15,15
1182.652210175146,0.19910479947958382,angle15,15
1183.48623853211,0.19692291030760833,angle15,15
1184.3202668890742,0.19729855419779038,angle15,15
1185.1542952460384,0.20362224706298238,angle15,15
1185.9883236030025,0.214079876243953,angle15,15
1186.8223519599667,0.20225894150326176,angle15,15
1187.6563803169308,0.1917357960160554,angle15,15
1188.490408673895,0.20952551053485818,angle15,15
1189.3244370308591,0.21095025143920595,angle15,15
1190.158465387823,0.20876925541299862,angle15,15
1190.9924937447872,0.21018788717186493,angle15,15
1191.8265221017514,0.20056008041159912,angle15,15
1192.6605504587155,0.1945420571700352,angle15,15
1193.4945788156797,0.19573861719034202,angle15,15
1194.3286071726438,0.18868042333731713,angle15,15
1195.162635529608,0.20804482823723885,angle15,15
1195.9966638865722,0.20550679705862004,angle15,15
1196.8306922435363,0.20263287579617317,angle15,15
1197.6647206005005,0.1781934206896948,angle15,15
1198.4987489574646,0.19601853570682642,angle15,15
1199.3327773144288,0.22046731531564406,angle15,15
1200.166805671393,0.2034047900181958,angle15,15
1201.000834028357,0.21447389110273501,angle15,15
1201.8348623853212,0.19780266210923741,angle15,15
1202.6688907422852,0.2269625602281098,angle15,15
1203.5029190992493,0.21202548833979232,angle15,15
1204.3369474562135,0.2172805171389979,angle15,15
1205.1709758131776,0.23857616075361263,angle15,15
1206.0050041701418,0.231444722270247,angle15,15
1206.839032527106,0.21420013424880313,angle15,15
1207.67306088407,0.21234236527824302,angle15,15
1208.5070892410342,0.21605099259233249,angle15,15
1209.3411175979984,0.22546018592970693,angle15,15
1210.1751459549625,0.22038638908054803,angle15,15
1211.0091743119267,0.21858605816738863,angle15,15
1211.8432026688906,0.23833239445285137,angle15,15
1212.6772310258548,0.2236625444018105,angle15,15
1213.511259382819,0.24896633562735324,angle15,15
1214.345287739783,0.22806516777395885,angle15,15
1215.1793160967472,0.2462194707941156,angle15,15
1216.0133444537114,0.23316901949576324,angle15,15
1216.8473728106756,0.24047570481330482,angle15,15
1217.6814011676397,0.22487073479399586,angle15,15
1218.5154295246039,0.22487020413482284,angle15,15
1219.349457881568,0.23931573963889735,angle15,15
1220.1834862385322,0.24593475227909165,angle15,15
1221.0175145954963,0.23780169960898218,angle15,15
1221.8515429524605,0.22590420550617518,angle15,15
1222.6855713094246,0.22655335925806477,angle15,15
1223.5195996663888,0.22729088878443507,angle15,15
1224.3536280233527,0.22531054923843885,angle15,15
1225.1876563803169,0.24552404695135144,angle15,15
1226.021684737281,0.25713965470646816,angle15,15
1226.8557130942452,0.24723236864571382,angle15,15
1227.6897414512093,0.22625666471341183,angle15,15
1228.5237698081735,0.24846415022909618,angle15,15
1229.3577981651376,0.25027104245919973,angle15,15
1230.1918265221018,0.274402307160458,angle15,15
1231.025854879066,0.24042990838532782,angle15,15
1231.85988323603,0.25266882741858027,angle15,15
1232.6939115929943,0.2752234582448682,angle15,15
1233.5279399499582,0.26426871552032394,angle15,15
1234.3619683069223,0.26702039348303175,angle15,15
1235.1959966638865,0.2641654218041106,angle15,15
1236.0300250208506,0.26796496247126533,angle15,15
1236.8640533778148,0.274100854850008,angle15,15
1237.698081734779,0.25990205648586184,angle15,15
1238.532110091743,0.27846223519628027,angle15,15
1239.3661384487073,0.257648557682571,angle15,15
1240.2001668056714,0.27637105109127397,angle15,15
1241.0341951626356,0.2765950432606059,angle15,15
1241.8682235195997,0.2703760748628232,angle15,15
1242.7022518765639,0.278054263555833,angle15,15
1243.536280233528,0.2738081899691108,angle15,15
1244.3703085904922,0.271079041875258,angle15,15
1245.2043369474563,0.28003198142526936,angle15,15
1246.0383653044203,0.27430954565679944,angle15,15
1246.8723936613844,0.29036755663424246,angle15,15
1247.7064220183486,0.27743733919654856,angle15,15
1248.5404503753127,0.2978646521158705,angle15,15
1249.3744787322769,0.28074446617883414,angle15,15
1250.208507089241,0.28871797978741764,angle15,15
1251.0425354462052,0.2899634723032347,angle15,15
1251.8765638031693,0.31129606316118824,angle15,15
1252.7105921601335,0.3031887020807671,angle15,15
1253.5446205170977,0.29961539245798485,angle15,15
1254.3786488740618,0.3085721764118042,angle15,15
1255.2126772310257,0.284370235056724,angle15,15
1256.04670558799,0.3068725244161921,angle15,15
1256.880733944954,0.3291448283494627,angle15,15
1257.7147623019182,0.3123627006635186,angle15,15
1258.5487906588824,0.31359123654254845,angle15,15
1259.3828190158465,0.32026917482766837,angle15,15
1260.2168473728107,0.3256222426221586,angle15,15
1261.0508757297748,0.29857193087725936,angle15,15
1261.884904086739,0.30360544407157547,angle15,15
1262.7189324437031,0.32441503097275726,angle15,15
1263.5529608006673,0.31704765403475976,angle15,15
1264.3869891576314,0.3392014604164226,angle15,15
1265.2210175145956,0.32481433260407633,angle15,15
1266.0550458715597,0.310505312424127,angle15,15
1266.889074228524,0.31905429253552403,angle15,15
1267.723102585488,0.3061203463143182,angle15,15
1268.557130942452,0.33315698332425964,angle15,15
1269.3911592994161,0.335493581834229,angle15,15
1270.2251876563803,0.33500962792464334,angle15,15
1271.0592160133444,0.3519171206468245,angle15,15
1271.8932443703086,0.354984443608182,angle15,15
1272.7272727272727,0.34316271289454153,angle15,15
1273.561301084237,0.32538304718621863,angle15,15
1274.395329441201,0.35476182008941864,angle15,15
1275.2293577981652,0.35599686051058427,angle15,15
1276.0633861551294,0.35538626228666065,angle15,15
1276.8974145120933,0.36395066892162525,angle15,15
1277.7314428690574,0.3443251551103744,angle15,15
1278.5654712260216,0.3778921990486485,angle15,15
1279.3994995829858,0.3500348273272999,angle15,15
1280.23352793995,0.3689386519786263,angle15,15
1281.067556296914,0.34638273101179085,angle15,15
1281.9015846538782,0.35575542465699916,angle15,15
1282.7356130108424,0.38201531260357485,angle15,15
1283.5696413678065,0.36602748812676267,angle15,15
1284.4036697247707,0.378811494782822,angle15,15
1285.2376980817348,0.3745481457340133,angle15,15
1286.071726438699,0.3728854948609259,angle15,15
1286.9057547956631,0.38931984863864066,angle15,15
1287.7397831526273,0.3750504357432639,angle15,15
1288.5738115095915,0.3613343587712685,angle15,15
1289.4078398665556,0.3728227221364128,angle15,15
1290.2418682235195,0.3880687235531866,angle15,15
1291.0758965804837,0.38820151582739987,angle15,15
1291.9099249374478,0.3702530340515808,angle15,15
1292.743953294412,0.3803445972483813,angle15,15
1293.5779816513761,0.383422072624724,angle15,15
1294.4120100083403,0.387222358284907,angle15,15
1295.2460383653045,0.3787418405751316,angle15,15
1296.0800667222686,0.387826994552084,angle15,15
1296.9140950792328,0.3884197928997953,angle15,15
1297.748123436197,0.40500154470228183,angle15,15
1298.5821517931608,0.4069425244391971,angle15,15
1299.416180150125,0.39894275691365216,angle15,15
1300.2502085070892,0.3980141342142557,angle15,15
1301.0842368640533,0.4048512396362967,angle15,15
1301.9182652210175,0.39678718025259735,angle15,15
1302.7522935779816,0.3949686963140974,angle15,15
1303.5863219349458,0.3985017261788504,angle15,15
1304.42035029191,0.40300525127921694,angle15,15
1305.254378648874,0.399150305223788,angle15,15
1306.0884070058382,0.41381921090862195,angle15,15
1306.9224353628024,0.4208909561637242,angle15,15
1307.7564637197665,0.3990993168996432,angle15,15
1308.5904920767307,0.41657911244835366,angle15,15
1309.4245204336949,0.4154667306083428,angle15,15
1310.258548790659,0.4223998936279949,angle15,15
1311.0925771476232,0.4201543138854653,angle15,15
1311.926605504587,0.4070265062063873,angle15,15
1312.7606338615512,0.41019703669410323,angle15,15
1313.5946622185154,0.42435296453578697,angle15,15
1314.4286905754795,0.4355634453272331,angle15,15
1315.2627189324437,0.40432952256245286,angle15,15
1316.0967472894079,0.43110302431392616,angle15,15
1316.930775646372,0.44069469704086633,angle15,15
1317.7648040033362,0.42839905193407213,angle15,15
1318.5988323603003,0.43654004853981737,angle15,15
1319.4328607172645,0.42509369375387424,angle15,15
1320.2668890742284,0.4319945056153455,angle15,15
1321.1009174311926,0.41802001658275806,angle15,15
1321.9349457881567,0.4118036881405525,angle15,15
1322.7689741451209,0.4456695233726369,angle15,15
1323.603002502085,0.4273632295054077,angle15,15
1324.4370308590492,0.4336055829320045,angle15,15
1325.2710592160133,0.4252202958420432,angle15,15
1326.1050875729775,0.4258848633157397,angle15,15
1326.9391159299416,0.4391218262946953,angle15,15
1327.7731442869058,0.4344156967324434,angle15,15
1328.60717264387,0.44631789340687006,angle15,15
1329.441201000834,0.44786556422368123,angle15,15
1330.2752293577983,0.4473257930075659,angle15,15
1331.1092577147624,0.4472553845244026,angle15,15
1331.9432860717266,0.4613739515949835,angle15,15
1332.7773144286907,0.4356218926213524,angle15,15
1333.6113427856546,0.44642457093648147,angle15,15
1334.4453711426188,0.45895130203651063,angle15,15
1335.279399499583,0.46089455329975837,angle15,15
1336.113427856547,0.4346304152258647,angle15,15
1336.9474562135113,0.446297422776106,angle15,15
1337.7814845704754,0.46354903226079136,angle15,15
1338.6155129274396,0.4555692706533304,angle15,15
1339.4495412844037,0.4529354838603209,angle15,15
1340.2835696413679,0.4492740035792555,angle15,15
1341.117597998332,0.44805437457204395,angle15,15
1341.951626355296,0.45518956341067507,angle15,15
1342.78565471226,0.4501720013857362,angle15,15
1343.6196830692243,0.4526316384553101,angle15,15
1344.4537114261884,0.4541783432153164,angle15,15
1345.2877397831526,0.44691976512855713,angle15,15
1346.1217681401167,0.4593030405368022,angle15,15
1346.9557964970809,0.4833785571990544,angle15,15
1347.789824854045,0.4366936672412586,angle15,15
1348.6238532110092,0.4579041083407604,angle15,15
1349.4578815679733,0.4472355318427915,angle15,15
1350.2919099249375,0.4607578880061145,angle15,15
1351.1259382819017,0.4555688321335658,angle15,15
1351.9599666388658,0.46281415786586383,angle15,15
1352.79399499583,0.4670159841544183,angle15,15
1353.6280233527941,0.457223397447639,angle15,15
1354.4620517097583,0.4666309468235815,angle15,15
1355.2960800667222,0.4318516687238443,angle15,15
1356.1301084236864,0.4711564027681106,angle15,15
1356.9641367806505,0.4589327702752698,angle15,15
1357.7981651376147,0.4658639226333402,angle15,15
1358.6321934945788,0.4427631838800729,angle15,15
1359.466221851543,0.4465038533388011,angle15,15
1360.3002502085071,0.4560937571864295,angle15,15
1361.1342785654713,0.4542600874329001,angle15,15
1361.9683069224354,0.45703057903041316,angle15,15
1362.8023352793996,0.4647878770875591,angle15,15
1363.6363636363635,0.43600683691188113,angle15,15
1364.4703919933277,0.4630871103585694,angle15,15
1365.3044203502918,0.45309527199612254,angle15,15
1366.138448707256,0.45061191584563143,angle15,15
1366.9724770642201,0.43754971252145164,angle15,15
1367.8065054211843,0.45687643724220367,angle15,15
1368.6405337781484,0.4272640253323207,angle15,15
1369.4745621351126,0.45742238298104554,angle15,15
1370.3085904920767,0.4355250332503479,angle15,15
1371.142618849041,0.45046275893647725,angle15,15
1371.976647206005,0.448193154630075,angle15,15
1372.8106755629692,0.46051160390626017,angle15,15
1373.6447039199334,0.44643591335738597,angle15,15
1374.4787322768975,0.4406623378469447,angle15,15
1375.3127606338617,0.4418941289493956,angle15,15
1376.1467889908258,0.4590207539254054,angle15,15
1376.9808173477898,0.450962173532811,angle15,15
1377.814845704754,0.44102586381960895,angle15,15
1378.648874061718,0.44177652181656735,angle15,15
1379.4829024186822,0.42770408591597986,angle15,15
1380.3169307756464,0.4464717092949342,angle15,15
1381.1509591326105,0.42417635692262184,angle15,15
1381.9849874895747,0.44845666351986374,angle15,15
1382.8190158465388,0.4413659449624209,angle15,15
1383.653044203503,0.4630673349070041,angle15,15
1384.4870725604671,0.4272918244997631,angle15,15
1385.321100917431,0.43633942018005695,angle15,15
1386.1551292743952,0.45439950482791724,angle15,15
1386.9891576313594,0.4473590693916338,angle15,15
1387.8231859883235,0.4274897938193397,angle15,15
1388.6572143452877,0.4356767687902091,angle15,15
1389.4912427022518,0.43242095457467866,angle15,15
1390.325271059216,0.43416332483252673,angle15,15
1391.1592994161801,0.42327896264870973,angle15,15
1391.9933277731443,0.4282740212800402,angle15,15
1392.8273561301085,0.4120678836775889,angle15,15
1393.6613844870726,0.4282608188431326,angle15,15
1394.4954128440368,0.4302512381781248,angle15,15
1395.329441201001,0.4222988345633766,angle15,15
1396.163469557965,0.407225351440868,angle15,15
1396.9974979149292,0.4320451336470329,angle15,15
1397.8315262718934,0.4245704359433898,angle15,15
1398.6655546288573,0.4124121180511039,angle15,15
1399.4995829858215,0.41559536211204184,angle15,15
1400.3336113427856,0.4021060894140259,angle15,15
1401.1676396997498,0.4055527275407763,angle15,15
1402.001668056714,0.4091057023681922,angle15,15
1402.835696413678,0.4254282695699435,angle15,15
1403.6697247706422,0.4053928524945182,angle15,15
1404.5037531276064,0.4168177517332503,angle15,15
1405.3377814845705,0.4036444136953079,angle15,15
1406.1718098415347,0.4101035753845539,angle15,15
1407.0058381984986,0.40479156737456934,angle15,15
1407.8398665554628,0.41350274808790544,angle15,15
1408.673894912427,0.39797630729703937,angle15,15
1409.507923269391,0.3861373007531033,angle15,15
1410.3419516263552,0.3865675277477581,angle15,15
1411.1759799833194,0.3935793015111494,angle15,15
1412.0100083402835,0.3849055130751069,angle15,15
1412.8440366972477,0.39998360450813014,angle15,15
1413.6780650542119,0.3896968696606211,angle15,15
1414.512093411176,0.416561742079141,angle15,15
1415.3461217681402,0.37388807982368855,angle15,15
1416.1801501251043,0.3917398989084645,angle15,15
1417.0141784820685,0.3768515411322813,angle15,15
1417.8482068390326,0.3816140983010611,angle15,15
1418.6822351959968,0.38636925841759756,angle15,15
1419.516263552961,0.36009859138031053,angle15,15
1420.3502919099249,0.3841084772196297,angle15,15
1421.184320266889,0.39914825319012964,angle15,15
1422.0183486238532,0.3739551938241066,angle15,15
1422.8523769808173,0.3794498754029816,angle15,15
1423.6864053377815,0.38545544348514155,angle15,15
1424.5204336947456,0.3719137206252149,angle15,15
1425.3544620517098,0.3660836734931054,angle15,15
1426.188490408674,0.3474693146838778,angle15,15
1427.022518765638,0.37496376724700914,angle15,15
1427.8565471226023,0.3657435310788353,angle15,15
1428.6905754795662,0.3550643026912803,angle15,15
1429.5246038365303,0.36476800358138156,angle15,15
1430.3586321934945,0.3559714969006126,angle15,15
1431.1926605504586,0.35482607238019465,angle15,15
1432.0266889074228,0.36447144917719054,angle15,15
1432.860717264387,0.3433194904621824,angle15,15
1433.694745621351,0.3654682205348647,angle15,15
1434.5287739783153,0.3393073390673555,angle15,15
1435.3628023352794,0.34494410394191094,angle15,15
1436.1968306922436,0.36908568647172557,angle15,15
1437.0308590492077,0.35941347311601923,angle15,15
1437.8648874061719,0.3473986664570596,angle15,15
1438.698915763136,0.3352994312999697,angle15,15
1439.5329441201002,0.3376939291615132,angle15,15
1440.3669724770643,0.3420015420012434,angle15,15
1441.2010008340285,0.3399267816125931,angle15,15
1442.0350291909924,0.3369266300466903,angle15,15
1442.8690575479566,0.33581223945675975,angle15,15
1443.7030859049207,0.332263879213606,angle15,15
1444.5371142618849,0.3182771539684349,angle15,15
1445.371142618849,0.3258237945552188,angle15,15
1446.2051709758132,0.3384301565460426,angle15,15
1447.0391993327773,0.313899043488761,angle15,15
1447.8732276897415,0.32398916050814547,angle15,15
1448.7072560467057,0.3159937655990407,angle15,15
1449.5412844036698,0.3236160589905571,angle15,15
1450.3753127606337,0.3169325326346707,angle15,15
1451.209341117598,0.3339145690347371,angle15,15
1452.043369474562,0.3225340870792683,angle15,15
1452.8773978315262,0.302684097946931,angle15,15
1453.7114261884903,0.32085492899660073,angle15,15
1454.5454545454545,0.3047436875978508,angle15,15
1455.3794829024187,0.3050752289406097,angle15,15
1456.2135112593828,0.3123461880986037,angle15,15
1457.047539616347,0.30266153546581936,angle15,15
1457.8815679733111,0.3148871720380717,angle15,15
1458.7155963302753,0.2966020939047661,angle15,15
1459.5496246872394,0.29655566803655314,angle15,15
1460.3836530442036,0.29458910192212034,angle15,15
1461.2176814011677,0.2939142165820902,angle15,15
1462.051709758132,0.30899080412256447,angle15,15
1462.885738115096,0.30272600031410674,angle15,15
1463.7197664720602,0.31198786060607614,angle15,15
1464.5537948290241,0.31602684970547884,angle15,15
1465.3878231859883,0.28151719228085387,angle15,15
1466.2218515429524,0.2910148398635649,angle15,15
1467.0558798999166,0.2770476224145953,angle15,15
1467.8899082568807,0.2795455913789189,angle15,15
1468.723936613845,0.2795462528571997,angle15,15
1469.557964970809,0.2738147098725833,angle15,15
1470.3919933277732,0.2724206679133094,angle15,15
1471.2260216847374,0.28006442510475443,angle15,15
1472.0600500417013,0.2679226007625483,angle15,15
1472.8940783986654,0.2871086966597449,angle15,15
1473.7281067556296,0.2681229947293798,angle15,15
1474.5621351125938,0.30402511511621905,angle15,15
1475.396163469558,0.270060596297985,angle15,15
1476.230191826522,0.27395607687100326,angle15,15
1477.0642201834862,0.25896071296830125,angle15,15
1477.8982485404504,0.287670348159102,angle15,15
1478.7322768974145,0.2805171373916077,angle15,15
1479.5663052543787,0.2710216924545728,angle15,15
1480.4003336113428,0.2533329195081384,angle15,15
1481.234361968307,0.26767433397569645,angle15,15
1482.0683903252711,0.25313868063698053,angle15,15
1482.9024186822353,0.2777807678759811,angle15,15
1483.7364470391994,0.27007257323934825,angle15,15
1484.5704753961636,0.2617778974867277,angle15,15
1485.4045037531278,0.2353223817297748,angle15,15
1486.2385321100917,0.2487346350422187,angle15,15
1487.0725604670558,0.264349358431226,angle15,15
1487.90658882402,0.26852409817833406,angle15,15
1488.7406171809841,0.2664312967869044,angle15,15
1489.5746455379483,0.23838488603803748,angle15,15
1490.4086738949125,0.2563072884564009,angle15,15
1491.2427022518766,0.26245524597442926,angle15,15
1492.0767306088408,0.23474688795946372,angle15,15
1492.910758965805,0.25030340702453585,angle15,15
1493.7447873227688,0.25219537588315905,angle15,15
1494.578815679733,0.2455463243099794,angle15,15
1495.4128440366972,0.22915211070208535,angle15,15
1496.2468723936613,0.24355946526986957,angle15,15
1497.0809007506255,0.24270927920292915,angle15,15
1497.9149291075896,0.24369087339688528,angle15,15
1498.7489574645538,0.2387497254401956,angle15,15
1499.582985821518,0.23919093492863058,angle15,15
1500.417014178482,0.24248457575991314,angle15,15
1501.2510425354462,0.246590917551278,angle15,15
1502.0850708924104,0.23843116758429925,angle15,15
1502.9190992493745,0.23671251494732382,angle15,15
1503.7531276063387,0.24109078792951408,angle15,15
1504.5871559633028,0.22034116933190862,angle15,15
1505.421184320267,0.24372875646732925,angle15,15
1506.2552126772312,0.2383859985874604,angle15,15
1507.0892410341953,0.23824708347923837,angle15,15
1507.9232693911592,0.24694144506564808,angle15,15
1508.7572977481234,0.21731547068610516,angle15,15
1509.5913261050875,0.2166405108411092,angle15,15
1510.4253544620517,0.2386779346461151,angle15,15
1511.2593828190159,0.23545571511890406,angle15,15
1512.09341117598,0.23684169328128962,angle15,15
1512.9274395329442,0.23015785198491198,angle15,15
1513.7614678899083,0.24108811718518008,angle15,15
1514.5954962468722,0.24346277959052523,angle15,15
1515.4295246038364,0.23869446608325093,angle15,15
1516.2635529608006,0.2309911341025993,angle15,15
1517.0975813177647,0.21229390023005,angle15,15
1517.9316096747289,0.24086120180475817,angle15,15
1518.765638031693,0.24521090651470862,angle15,15
1519.5996663886572,0.2392907768965906,angle15,15
1520.4336947456213,0.22392718647116,angle15,15
1521.2677231025855,0.23936686389115602,angle15,15
1522.1017514595496,0.24116645762247627,angle15,15
1522.9357798165138,0.2481085290555984,angle15,15
1523.769808173478,0.22374546680682283,angle15,15
1524.603836530442,0.23025523501874737,angle15,15
1525.4378648874062,0.24003274735266217,angle15,15
1526.2718932443704,0.23320141442091502,angle15,15
1527.1059216013346,0.2215483690716697,angle15,15
1527.9399499582987,0.23698918138546088,angle15,15
1528.7739783152629,0.23877804181623663,angle15,15
1529.608006672227,0.23404648023410973,angle15,15
1530.442035029191,0.23556512444580996,angle15,15
1531.276063386155,0.231011611346935,angle15,15
1532.1100917431193,0.24863779329482816,angle15,15
1532.9441201000834,0.22513131508489537,angle15,15
1533.7781484570476,0.22857511665325045,angle15,15
1534.6121768140117,0.23489507006136992,angle15,15
1535.4462051709759,0.24393839200578935,angle15,15
1536.2802335279398,0.22056543983132423,angle15,15
1537.114261884904,0.2228531376686516,angle15,15
1537.948290241868,0.21602229238529386,angle15,15
1538.7823185988323,0.2371964595245079,angle15,15
1539.6163469557964,0.22618274931018117,angle15,15
1540.4503753127606,0.23404288393808403,angle15,15
1541.2844036697247,0.24505092286159247,angle15,15
1542.1184320266889,0.2325965431704536,angle15,15
1542.952460383653,0.24192558275910106,angle15,15
1543.7864887406172,0.23724602174064402,angle15,15
1544.6205170975813,0.24761290595908247,angle15,15
1545.4545454545455,0.24632100094799014,angle15,15
1546.2885738115097,0.23535380226007854,angle15,15
1547.1226021684738,0.24131536238226,angle15,15
1547.956630525438,0.25419323089444307,angle15,15
1548.790658882402,0.24846850781268015,angle15,15
1549.6246872393663,0.23136892916289134,angle15,15
1550.4587155963304,0.25272324706054705,angle15,15
1551.2927439532946,0.23617401508383382,angle15,15
1552.1267723102587,0.2620226715606731,angle15,15
1552.9608006672227,0.25904013455731467,angle15,15
1553.7948290241868,0.25262360756160407,angle15,15
1554.628857381151,0.25224649941745836,angle15,15
1555.4628857381151,0.24955688296571021,angle15,15
1556.2969140950793,0.25942889544768627,angle15,15
1557.1309424520434,0.24995553473692034,angle15,15
1557.9649708090074,0.2570616747204011,angle15,15
1558.7989991659715,0.2644907621573855,angle15,15
1559.6330275229357,0.25124135710736273,angle15,15
1560.4670558798998,0.2518078343571606,angle15,15
1561.301084236864,0.24715854988637112,angle15,15
1562.1351125938281,0.24961178746753704,angle15,15
1562.9691409507923,0.24314849799647695,angle15,15
1563.8031693077564,0.26992805490445976,angle15,15
1564.6371976647206,0.28193735701589806,angle15,15
1565.4712260216847,0.2793408184821312,angle15,15
1566.305254378649,0.2500866139752066,angle15,15
1567.139282735613,0.2748762825974232,angle15,15
1567.9733110925772,0.2831491538668174,angle15,15
1568.8073394495414,0.2656801482453484,angle15,15
1569.6413678065055,0.272602404514852,angle15,15
1570.4753961634697,0.2528679231971609,angle15,15
1571.3094245204338,0.27699209275740105,angle15,15
1572.143452877398,0.26508567329395905,angle15,15
1572.9774812343621,0.27913252647310066,angle15,15
1573.8115095913263,0.26295711889033585,angle15,15
1574.6455379482902,0.285448464133769,angle15,15
1575.4795663052544,0.2917331962214935,angle15,15
1576.3135946622185,0.27514160013912387,angle15,15
1577.1476230191827,0.2731063279881367,angle15,15
1577.9816513761468,0.2644339844336837,angle15,15
1578.815679733111,0.2848649231204314,angle15,15
1579.649708090075,0.28326381815242324,angle15,15
1580.483736447039,0.275135787151514,angle15,15
1581.3177648040032,0.29675758317837997,angle15,15
1582.1517931609674,0.28932395908867925,angle15,15
1582.9858215179315,0.28467708260861163,angle15,15
1583.8198498748957,0.29151366519534877,angle15,15
1584.6538782318598,0.3094112020469631,angle15,15
1585.487906588824,0.30637976331592004,angle15,15
1586.3219349457881,0.3007154867287264,angle15,15
1587.1559633027523,0.3098849107121763,angle15,15
1587.9899916597165,0.29377525446410696,angle15,15
1588.8240200166806,0.3074106266558041,angle15,15
1589.6580483736448,0.31027437378450634,angle15,15
1590.492076730609,0.3058283158959415,angle15,15
1591.326105087573,0.31661773042362695,angle15,15
1592.1601334445372,0.3062058416296614,angle15,15
1592.9941618015014,0.3208656004613378,angle15,15
1593.8281901584655,0.32305300917216356,angle15,15
1594.6622185154297,0.29013928214825574,angle15,15
1595.4962468723938,0.3329994473475318,angle15,15
1596.3302752293578,0.2924142402690837,angle15,15
1597.164303586322,0.318532531971233,angle15,15
1597.998331943286,0.3367568521423502,angle15,15
1598.8323603002502,0.32514835818490084,angle15,15
1599.6663886572144,0.315484332419735,angle15,15
1600.5004170141785,0.3210405091051961,angle15,15
1601.3344453711425,0.3440849513213559,angle15,15
1602.1684737281066,0.3164447939073878,angle15,15
1603.0025020850708,0.34879923002051166,angle15,15
1603.836530442035,0.33881291423883003,angle15,15
1604.670558798999,0.329299335382984,angle15,15
1605.5045871559632,0.33725582841414364,angle15,15
1606.3386155129274,0.3347823619419014,angle15,15
1607.1726438698915,0.35548801723060663,angle15,15
1608.0066722268557,0.3560243339330963,angle15,15
1608.8407005838199,0.3333854622399048,angle15,15
1609.674728940784,0.3484204930372096,angle15,15
1610.5087572977482,0.34570581639051434,angle15,15
1611.3427856547123,0.36915554445290166,angle15,15
1612.1768140116765,0.3446033327781932,angle15,15
1613.0108423686406,0.3760311958586736,angle15,15
1613.8448707256048,0.36154083399651926,angle15,15
1614.678899082569,0.35213920363488715,angle15,15
1615.512927439533,0.3588700559172162,angle15,15
1616.3469557964972,0.3595099373007015,angle15,15
1617.1809841534614,0.35666194188041583,angle15,15
1618.0150125104253,0.37223666157905577,angle15,15
1618.8490408673895,0.36088736648349573,angle15,15
1619.6830692243536,0.35323844635951823,angle15,15
1620.5170975813178,0.3731179837360894,angle15,15
1621.351125938282,0.3607554767766574,angle15,15
1622.185154295246,0.37312796816735433,angle15,15
1623.01918265221,0.3734199322380875,angle15,15
1623.8532110091742,0.37565563014297815,angle15,15
1624.6872393661383,0.4062292974018623,angle15,15
1625.5212677231025,0.38863030480111443,angle15,15
1626.3552960800666,0.3923606718270489,angle15,15
1627.1893244370308,0.3739776051849706,angle15,15
1628.023352793995,0.38703004235152066,angle15,15
1628.857381150959,0.3975438514537016,angle15,15
1629.6914095079233,0.3869593617798961,angle15,15
1630.5254378648874,0.4080913893997352,angle15,15
1631.3594662218516,0.3887818012132078,angle15,15
1632.1934945788157,0.39973462145110333,angle15,15
1633.0275229357799,0.3985184072686368,angle15,15
1633.861551292744,0.4077935137333166,angle15,15
1634.6955796497082,0.4015071520822336,angle15,15
1635.5296080066723,0.4069548461313562,angle15,15
1636.3636363636365,0.4090438190326849,angle15,15
1637.1976647206006,0.4057918142212766,angle15,15
1638.0316930775648,0.4197060653966942,angle15,15
1638.865721434529,0.41894693973386693,angle15,15
1639.6997497914929,0.4173729740424343,angle15,15
1640.533778148457,0.4156383524595464,angle15,15
1641.3678065054212,0.42957960249977917,angle15,15
1642.2018348623853,0.42091409240830313,angle15,15
1643.0358632193495,0.42185042594114647,angle15,15
1643.8698915763136,0.4275956024813788,angle15,15
1644.7039199332776,0.44513186291317236,angle15,15
1645.5379482902417,0.41636537274716756,angle15,15
1646.3719766472059,0.43905574488511184,angle15,15
1647.20600500417,0.41399866870535174,angle15,15
1648.0400333611342,0.43666094374077735,angle15,15
1648.8740617180983,0.4517811674590326,angle15,15
1649.7080900750625,0.44244311788129465,angle15,15
1650.5421184320267,0.44077241816394885,angle15,15
1651.3761467889908,0.43495472726651757,angle15,15
1652.210175145955,0.44234575067454374,angle15,15
1653.0442035029191,0.44097339550572007,angle15,15
1653.8782318598833,0.43707538088295955,angle15,15
1654.7122602168474,0.443459586431327,angle15,15
1655.5462885738116,0.4497471201866687,angle15,15
1656.3803169307757,0.44147757641762947,angle15,15
1657.21434528774,0.4424545462800597,angle15,15
1658.048373644704,0.4382634369313742,angle15,15
1658.8824020016682,0.45710223270694317,angle15,15
1659.7164303586324,0.4599576497760317,angle15,15
1660.5504587155965,0.45811050356826233,angle15,15
1661.3844870725604,0.46671486146640295,angle15,15
1662.2185154295246,0.4591905985093144,angle15,15
1663.0525437864887,0.46346004265847923,angle15,15
1663.886572143453,0.46378530627264575,angle15,15
1664.720600500417,0.46101726491247397,angle15,15
1665.5546288573812,0.4577886658411506,angle15,15
1666.3886572143451,0.4863808716366833,angle15,15
1667.2226855713093,0.4608403006957441,angle15,15
1668.0567139282734,0.45979926833380197,angle15,15
1668.8907422852376,0.4718739198514781,angle15,15
1669.7247706422017,0.4711054595107355,angle15,15
1670.558798999166,0.4555691926508903,angle15,15
1671.39282735613,0.4818509690910203,angle15,15
1672.2268557130942,0.4706659966895373,angle15,15
1673.0608840700584,0.4614588619541415,angle15,15
1673.8949124270225,0.48539252146695455,angle15,15
1674.7289407839867,0.48067402814512417,angle15,15
1675.5629691409508,0.46266034242864856,angle15,15
1676.396997497915,0.49394179703941715,angle15,15
1677.2310258548791,0.48359768900832145,angle15,15
1678.0650542118433,0.47772287079718717,angle15,15
1678.8990825688074,0.49451734167214934,angle15,15
1679.7331109257716,0.4809734988312679,angle15,15
1680.5671392827358,0.47983994963832516,angle15,15
1681.4011676397,0.47423278260831825,angle15,15
1682.235195996664,0.48734389317896515,angle15,15
1683.069224353628,0.4869554884941382,angle15,15
1683.9032527105921,0.4829746644067632,angle15,15
1684.7372810675563,0.4755406127267803,angle15,15
1685.5713094245205,0.4853264778665229,angle15,15
1686.4053377814846,0.48388987089906854,angle15,15
1687.2393661384488,0.47178766380918075,angle15,15
1688.073394495413,0.4709125988559214,angle15,15
1688.9074228523768,0.49176424289964515,angle15,15
1689.741451209341,0.4605493942438108,angle15,15
1690.5754795663051,0.48905144861172944,angle15,15
1691.4095079232693,0.48261899847485384,angle15,15
1692.2435362802335,0.5008581286818503,angle15,15
1693.0775646371976,0.4831900960270816,angle15,15
1693.9115929941618,0.4950419578276254,angle15,15
1694.745621351126,0.48477348305111595,angle15,15
1695.57964970809,0.4901487291867414,angle15,15
1696.4136780650542,0.4966213178154495,angle15,15
1697.2477064220184,0.48484214318663327,angle15,15
1698.0817347789825,0.4996210104263675,angle15,15
1698.9157631359467,0.4798792339103166,angle15,15
1699.7497914929108,0.4928958646433828,angle15,15
1700.583819849875,0.49928301807767617,angle15,15
1701.4178482068392,0.4967366362482335,angle15,15
1702.2518765638033,0.5093533072746772,angle15,15
1703.0859049207675,0.48258002615037937,angle15,15
1703.9199332777316,0.4764214643012603,angle15,15
1704.7539616346955,0.48024113902236015,angle15,15
1705.5879899916597,0.4967334700788431,angle15,15
1706.4220183486239,0.49502588036804696,angle15,15
1707.256046705588,0.4909599139054686,angle15,15
1708.0900750625522,0.4785716062037254,angle15,15
1708.9241034195163,0.4973068616015904,angle15,15
1709.7581317764805,0.4772013909824113,angle15,15
1710.5921601334444,0.5008214843511888,angle15,15
1711.4261884904085,0.5175632897834638,angle15,15
1712.2602168473727,0.4923837748790793,angle15,15
1713.0942452043369,0.49425422303407585,angle15,15
1713.928273561301,0.4831720281894351,angle15,15
1714.7623019182652,0.46964967428755716,angle15,15
1715.5963302752293,0.4813495903175297,angle15,15
1716.4303586321935,0.4760467061317449,angle15,15
1717.2643869891576,0.4720784947177051,angle15,15
1718.0984153461218,0.5033191442418827,angle15,15
1718.932443703086,0.48834541763199496,angle15,15
1719.76647206005,0.4889092858710424,angle15,15
1720.6005004170142,0.4814923064793419,angle15,15
1721.4345287739784,0.4822985800428043,angle15,15
1722.2685571309426,0.49309234302665855,angle15,15
1723.1025854879067,0.4825179445698169,angle15,15
1723.9366138448709,0.48751782416849004,angle15,15
1724.770642201835,0.47959566119784297,angle15,15
1725.6046705587992,0.47745441146906475,angle15,15
1726.438698915763,0.4661026237283086,angle15,15
1727.2727272727273,0.4596658660738363,angle15,15
1728.1067556296914,0.4760752782642294,angle15,15
1728.9407839866556,0.4784795424157277,angle15,15
1729.7748123436197,0.4642532847503248,angle15,15
1730.6088407005839,0.4759463765808201,angle15,15
1731.442869057548,0.47598192584773424,angle15,15
1732.276897414512,0.45301453964087135,angle15,15
1733.110925771476,0.46453075190738924,angle15,15
1733.9449541284403,0.47683939552508503,angle15,15
1734.7789824854044,0.4756997063178631,angle15,15
1735.6130108423686,0.45933256675984924,angle15,15
1736.4470391993327,0.47147206290116345,angle15,15
1737.2810675562969,0.47910823074556774,angle15,15
1738.115095913261,0.4756300187406318,angle15,15
1738.9491242702252,0.4658603662749781,angle15,15
1739.7831526271893,0.4610664548914668,angle15,15
1740.6171809841535,0.458365085215244,angle15,15
1741.4512093411176,0.46822862200603454,angle15,15
1742.2852376980818,0.46437320864297726,angle15,15
1743.119266055046,0.46756807739632766,angle15,15
1743.95329441201,0.4614250451318535,angle15,15
1744.7873227689743,0.46710689938046174,angle15,15
1745.6213511259384,0.4586591076167976,angle15,15
1746.4553794829026,0.4643352520044554,angle15,15
1747.2894078398667,0.46395333008363004,angle15,15
1748.1234361968307,0.4459384275876472,angle15,15
1748.9574645537948,0.4346230019860169,angle15,15
1749.791492910759,0.46684258373767346,angle15,15
1750.6255212677231,0.45266023042058223,angle15,15
1751.4595496246873,0.43161786224468074,angle15,15
1752.2935779816514,0.440277013212006,angle15,15
1753.1276063386156,0.45377016947808674,angle15,15
1753.9616346955795,0.4418749341526507,angle15,15
1754.7956630525437,0.43815575146649915,angle15,15
1755.6296914095078,0.455874568010033,angle15,15
1756.463719766472,0.429967318950708,angle15,15
1757.2977481234361,0.4310184951816642,angle15,15
1758.1317764804003,0.4396594725589991,angle15,15
1758.9658048373644,0.4399818234642434,angle15,15
1759.7998331943286,0.43955880782495954,angle15,15
1760.6338615512927,0.4422126510412306,angle15,15
1761.467889908257,0.43357809544317494,angle15,15
1762.301918265221,0.43496569144110936,angle15,15
1763.1359466221852,0.425947167912401,angle15,15
1763.9699749791494,0.42762188182885946,angle15,15
1764.8040033361135,0.42651447557639194,angle15,15
1765.6380316930777,0.42602331622311695,angle15,15
1766.4720600500418,0.43002027204754256,angle15,15
1767.306088407006,0.4262585822265796,angle15,15
1768.1401167639701,0.4195516358296356,angle15,15
1768.9741451209343,0.409411014165934,angle15,15
1769.8081734778982,0.41656264364328954,angle15,15
1770.6422018348624,0.4139806421674396,angle15,15
1771.4762301918265,0.4145591417245681,angle15,15
1772.3102585487907,0.43305108880336474,angle15,15
1773.1442869057548,0.4040990103888345,angle15,15
1773.978315262719,0.4119033139003047,angle15,15
1774.8123436196831,0.4167019050910541,angle15,15
1775.646371976647,0.4053277330642807,angle15,15
1776.4804003336112,0.42605055848456647,angle15,15
1777.3144286905754,0.3972104680401076,angle15,15
1778.1484570475395,0.4025452648413872,angle15,15
1778.9824854045037,0.3896249837087691,angle15,15
1779.8165137614678,0.39240201919858936,angle15,15
1780.650542118432,0.3967067888745447,angle15,15
1781.4845704753961,0.4009770333288515,angle15,15
1782.3185988323603,0.3939982464026731,angle15,15
1783.1526271893244,0.4016889177703956,angle15,15
1783.9866555462886,0.3864361573188973,angle15,15
1784.8206839032528,0.38235014083025887,angle15,15
1785.654712260217,0.4109960725406755,angle15,15
1786.488740617181,0.38618177838148715,angle15,15
1787.3227689741452,0.373326957644772,angle15,15
1788.1567973311094,0.3718611033985936,angle15,15
1788.9908256880735,0.3676589124829209,angle15,15
1789.8248540450377,0.3847337844756123,angle15,15
1790.6588824020018,0.37000751185747693,angle15,15
1791.4929107589658,0.37320932370821525,angle15,15
1792.32693911593,0.3695866521086852,angle15,15
1793.160967472894,0.375824733643977,angle15,15
1793.9949958298582,0.35833287477353204,angle15,15
1794.8290241868224,0.3543379384723954,angle15,15
1795.6630525437865,0.3656332229581499,angle15,15
1796.4970809007507,0.3677000769034415,angle15,15
1797.3311092577146,0.3633200888500538,angle15,15
1798.1651376146788,0.35020895854600315,angle15,15
1798.999165971643,0.36339192279123983,angle15,15
1799.833194328607,0.34749729091565923,angle15,15
1800.6672226855712,0.34804498452288707,angle15,15
1801.5012510425354,0.3421513478882041,angle15,15
1802.3352793994995,0.3629394152182917,angle15,15
1803.1693077564637,0.35460582577061844,angle15,15
1804.0033361134278,0.35267254483919286,angle15,15
1804.837364470392,0.35745333854297817,angle15,15
1805.6713928273562,0.37147433130814417,angle15,15
1806.5054211843203,0.3246305804406221,angle15,15
1807.3394495412845,0.33272285150894476,angle15,15
1808.1734778982486,0.3323377985450272,angle15,15
1809.0075062552128,0.32839382244655174,angle15,15
1809.841534612177,0.324538571526572,angle15,15
1810.675562969141,0.3307405513421895,angle15,15
1811.5095913261052,0.3200043897375016,angle15,15
1812.3436196830694,0.33396523427653707,angle15,15
1813.1776480400335,0.32958758571709634,angle15,15
1814.0116763969975,0.3323484560596641,angle15,15
1814.8457047539616,0.33109516000813755,angle15,15
1815.6797331109258,0.3305401507033794,angle15,15
1816.51376146789,0.319281058685708,angle15,15
1817.347789824854,0.3427448628843451,angle15,15
1818.1818181818182,0.3224095884796045,angle15,15
1819.0158465387822,0.2999861955737544,angle15,15
1819.8498748957463,0.30714731529516454,angle15,15
1820.6839032527105,0.29834067970747774,angle15,15
1821.5179316096746,0.3145086399587585,angle15,15
1822.3519599666388,0.31172210938454564,angle15,15
1823.185988323603,0.3068763897114943,angle15,15
1824.020016680567,0.3303063396870676,angle15,15
1824.8540450375313,0.31433961208920447,angle15,15
1825.6880733944954,0.31478006709925843,angle15,15
1826.5221017514596,0.2968945627907956,angle15,15
1827.3561301084237,0.2949172918775223,angle15,15
1828.1901584653879,0.30399777884083984,angle15,15
1829.024186822352,0.30409862529408294,angle15,15
1829.8582151793162,0.2825624182907894,angle15,15
1830.6922435362803,0.298097892752036,angle15,15
1831.5262718932445,0.29883585656176326,angle15,15
1832.3603002502086,0.2953568511170917,angle15,15
1833.1943286071728,0.2882069662479861,angle15,15
1834.028356964137,0.2897976486150646,angle15,15
1834.862385321101,0.2922964185210129,angle15,15
1835.696413678065,0.29386517368804277,angle15,15
1836.5304420350292,0.297917673716583,angle15,15
1837.3644703919933,0.3016115896924432,angle15,15
1838.1984987489575,0.2868137646791577,angle15,15
1839.0325271059216,0.28417109323103257,angle15,15
1839.8665554628858,0.29210607392052274,angle15,15
1840.7005838198497,0.2928565219325728,angle15,15
1841.5346121768139,0.28144655759539267,angle15,15
1842.368640533778,0.29275515447613726,angle15,15
1843.2026688907422,0.2937321295620828,angle15,15
1844.0366972477063,0.29596082091527054,angle15,15
1844.8707256046705,0.2999576889979939,angle15,15
1845.7047539616347,0.27266390053182016,angle15,15
1846.5387823185988,0.28064389386973887,angle15,15
1847.372810675563,0.2798180107819462,angle15,15
1848.2068390325271,0.27794849137213706,angle15,15
1849.0408673894913,0.27168445599162344,angle15,15
1849.8748957464554,0.2625933764819805,angle15,15
1850.7089241034196,0.27767193838429555,angle15,15
1851.5429524603837,0.26838214824611795,angle15,15
1852.3769808173479,0.2762707859971679,angle15,15
1853.211009174312,0.2668403139330784,angle15,15
1854.0450375312762,0.2631789766677107,angle15,15
1854.8790658882403,0.2759384223105654,angle15,15
1855.7130942452045,0.274549749899341,angle15,15
1856.5471226021687,0.27830381146882044,angle15,15
1857.3811509591326,0.2938655858843102,angle15,15
1858.2151793160967,0.27430143173046817,angle15,15
1859.049207673061,0.27592670063778946,angle15,15
1859.883236030025,0.2598734953894938,angle15,15
1860.7172643869892,0.2573792541253023,angle15,15
1861.5512927439534,0.28570194611329625,angle15,15
1862.3853211009173,0.2602903834615175,angle15,15
1863.2193494578814,0.258763573993644,angle15,15
1864.0533778148456,0.2685162541795119,angle15,15
1864.8874061718097,0.26773602863206486,angle15,15
1865.721434528774,0.25937015725334317,angle15,15
1866.555462885738,0.26512939336141994,angle15,15
1867.3894912427022,0.2802834871332604,angle15,15
1868.2235195996664,0.2597671609350026,angle15,15
1869.0575479566305,0.2537545573539579,angle15,15
1869.8915763135947,0.27700827109401016,angle15,15
1870.7256046705588,0.2724232675550696,angle15,15
1871.559633027523,0.26124002392842,angle15,15
1872.3936613844871,0.25159543103331405,angle15,15
1873.2276897414513,0.2599697631818802,angle15,15
1874.0617180984154,0.2668948714669727,angle15,15
1874.8957464553796,0.2791515923162035,angle15,15
1875.7297748123437,0.25720905060520394,angle15,15
1876.563803169308,0.2668367145970971,angle15,15
1877.397831526272,0.2745674418634224,angle15,15
1878.2318598832362,0.24416443108787325,angle15,15
1879.0658882402001,0.278503085252673,angle15,15
1879.8999165971643,0.25655582319495324,angle15,15
1880.7339449541284,0.2719423457729057,angle15,15
1881.5679733110926,0.2713582050761533,angle15,15
1882.4020016680568,0.28003309923241154,angle15,15
1883.236030025021,0.2750191719783283,angle15,15
1884.0700583819848,0.24608649328851842,angle15,15
1884.904086738949,0.2623877929915952,angle15,15
1885.7381150959131,0.27202047524974954,angle15,15
1886.5721434528773,0.2691180428321959,angle15,15
1887.4061718098415,0.2762998679904477,angle15,15
1888.2402001668056,0.2798997625569442,angle15,15
1889.0742285237698,0.2785992780716621,angle15,15
1889.908256880734,0.2709069065471214,angle15,15
1890.742285237698,0.25514731093153764,angle15,15
1891.5763135946622,0.26964291578673255,angle15,15
1892.4103419516264,0.2789743656447103,angle15,15
1893.2443703085905,0.2645449568353314,angle15,15
1894.0783986655547,0.2824265860108477,angle15,15
1894.9124270225188,0.28588771424022547,angle15,15
1895.746455379483,0.2787877901009482,angle15,15
1896.5804837364471,0.2476219148375701,angle15,15
1897.4145120934113,0.2662445290167504,angle15,15
1898.2485404503755,0.29867795558311094,angle15,15
1899.0825688073396,0.27516613023798286,angle15,15
1899.9165971643038,0.26163014794366674,angle15,15
1900.7506255212677,0.29468858336925663,angle15,15
1901.5846538782318,0.2833584759738557,angle15,15
1902.418682235196,0.2951872352655914,angle15,15
1903.2527105921602,0.2878442402440058,angle15,15
1904.0867389491243,0.2906207884315517,angle15,15
1904.9207673060885,0.29064935590371904,angle15,15
1905.7547956630524,0.29500153269880175,angle15,15
1906.5888240200165,0.31183145177478233,angle15,15
1907.4228523769807,0.2998206064671123,angle15,15
1908.2568807339449,0.27538322524751474,angle15,15
1909.090909090909,0.2967517646775356,angle15,15
1909.9249374478732,0.30482071530416976,angle15,15
1910.7589658048373,0.3065756669964657,angle15,15
1911.5929941618015,0.2914471148713818,angle15,15
1912.4270225187656,0.3085486257381181,angle15,15
1913.2610508757298,0.3073838841819855,angle15,15
1914.095079232694,0.3250599224830413,angle15,15
1914.929107589658,0.29308376968019406,angle15,15
1915.7631359466222,0.29677930850962825,angle15,15
1916.5971643035864,0.30008187200328174,angle15,15
1917.4311926605506,0.2995505383094892,angle15,15
1918.2652210175147,0.2968819223704785,angle15,15
1919.0992493744789,0.2795041368006823,angle15,15
1919.933277731443,0.3041517658650055,angle15,15
1920.7673060884072,0.3135790272178934,angle15,15
1921.6013344453713,0.3063584377357922,angle15,15
1922.4353628023352,0.33206790325017926,angle15,15
1923.2693911592994,0.3142892084154087,angle15,15
1924.1034195162636,0.3285247173185458,angle15,15
1924.9374478732277,0.3197049149628196,angle15,15
1925.7714762301919,0.3268480616782626,angle15,15
1926.605504587156,0.32288635779221847,angle15,15
1927.4395329441202,0.3353080966716891,angle15,15
1928.273561301084,0.32372198119062107,angle15,15
1929.1075896580483,0.32968183254182987,angle15,15
1929.9416180150124,0.3299573606637905,angle15,15
1930.7756463719766,0.3249996149032421,angle15,15
1931.6096747289407,0.33353542393019225,angle15,15
1932.4437030859049,0.35344694505548585,angle15,15
1933.277731442869,0.330030599883965,angle15,15
1934.1117597998332,0.3385743609101335,angle15,15
1934.9457881567973,0.3486159481610084,angle15,15
1935.7798165137615,0.3491120871569239,angle15,15
1936.6138448707256,0.3395107053563832,angle15,15
1937.4478732276898,0.3172558713922701,angle15,15
1938.281901584654,0.34796487077995253,angle15,15
1939.115929941618,0.32232268495138927,angle15,15
1939.9499582985823,0.3609475168153263,angle15,15
1940.7839866555464,0.34968436095306143,angle15,15
1941.6180150125106,0.35973822725959337,angle15,15
1942.4520433694747,0.34248225155999634,angle15,15
1943.2860717264389,0.33774979687138423,angle15,15
1944.1201000834028,0.35766317643951995,angle15,15
1944.954128440367,0.35650922898771,angle15,15
1945.788156797331,0.35372797117559973,angle15,15
1946.6221851542953,0.3612962071080977,angle15,15
1947.4562135112594,0.38993787862611246,angle15,15
1948.2902418682236,0.37243002111591167,angle15,15
1949.1242702251877,0.376407926508847,angle15,15
1949.9582985821517,0.3761870198238855,angle15,15
1950.7923269391158,0.38438312376079425,angle15,15
1951.62635529608,0.36953438188460735,angle15,15
1952.4603836530441,0.3527394293325364,angle15,15
1953.2944120100083,0.3732580738009748,angle15,15
1954.1284403669724,0.3851227341852061,angle15,15
1954.9624687239366,0.3691729636018844,angle15,15
1955.7964970809007,0.37897664537569253,angle15,15
1956.630525437865,0.3756952891396047,angle15,15
1957.464553794829,0.3995089018866064,angle15,15
1958.2985821517932,0.3938613395154635,angle15,15
1959.1326105087574,0.3947624682690951,angle15,15
1959.9666388657215,0.39634509563586867,angle15,15
1960.8006672226857,0.39163993280521125,angle15,15
1961.6346955796498,0.395872247711452,angle15,15
1962.468723936614,0.38392960950436245,angle15,15
1963.3027522935781,0.37580191083731146,angle15,15
1964.1367806505423,0.4010517161349433,angle15,15
1964.9708090075064,0.4046746745602141,angle15,15
1965.8048373644704,0.4154101720341983,angle15,15
1966.6388657214345,0.420912120527597,angle15,15
1967.4728940783987,0.4227780597180808,angle15,15
1968.3069224353628,0.3989748231745769,angle15,15
1969.140950792327,0.40730666051389175,angle15,15
1969.9749791492911,0.41750376948868917,angle15,15
1970.8090075062553,0.43988704998534595,angle15,15
1971.6430358632192,0.43123263083320834,angle15,15
1972.4770642201834,0.42948490370103937,angle15,15
1973.3110925771475,0.41626760327276224,angle15,15
1974.1451209341117,0.41316289556032365,angle15,15
1974.9791492910758,0.43172784003874365,angle15,15
1975.81317764804,0.4146700814265086,angle15,15
1976.6472060050041,0.4251239315332944,angle15,15
1977.4812343619683,0.42818539064405015,angle15,15
1978.3152627189324,0.4470800477552421,angle15,15
1979.1492910758966,0.4294142013298524,angle15,15
1979.9833194328608,0.4103710270535316,angle15,15
1980.817347789825,0.44160203317902563,angle15,15
1981.651376146789,0.4313527600841822,angle15,15
1982.4854045037532,0.4405456258427156,angle15,15
1983.3194328607174,0.44101916910466693,angle15,15
1984.1534612176815,0.4409062607893395,angle15,15
1984.9874895746457,0.4532935981197374,angle15,15
1985.8215179316098,0.43179786709016965,angle15,15
1986.655546288574,0.44368175669260423,angle15,15
1987.489574645538,0.45740635058330054,angle15,15
1988.323603002502,0.44612751814415075,angle15,15
1989.1576313594662,0.4378706503117085,angle15,15
1989.9916597164304,0.4623222172451283,angle15,15
1990.8256880733945,0.46853279206221043,angle15,15
1991.6597164303587,0.4585039546761661,angle15,15
1992.4937447873228,0.44098403728184166,angle15,15
1993.3277731442868,0.46927695227293564,angle15,15
1994.161801501251,0.44722896517871463,angle15,15
1994.995829858215,0.4685119094120351,angle15,15
1995.8298582151792,0.4581304935981844,angle15,15
1996.6638865721434,0.4569727591775739,angle15,15
1997.4979149291075,0.4657025429023644,angle15,15
1998.3319432860717,0.46982329875560297,angle15,15
1999.1659716430358,0.46673263620638195,angle15,15
2000.0,0.48056368560933516,angle15,15
